external_id,name_ar,name_en,facility_type,governorate,governorate_ar,city,address,phone,specialty,source,latitude,longitude,working_hours,home_services,emergency_24_7
nodes:6318358185,عيادات فور كيدز لطب الأطفال,4 Kids Clinic,clinic,Alexandria,الاسكندرية,,,,,HDX HOTOSM Egypt Health Facilities / OpenStreetMap contributors (modified 2026-05-06),31.239903,29.9993576,,0,0
nodes:8997180445,عياده الدكتور اميل عطالله,Doctor Emil Attallah Clinic,clinic,Alexandria,الاسكندرية,,,,,HDX HOTOSM Egypt Health Facilities / OpenStreetMap contributors (modified 2026-05-06),31.2627606,30.0074204,,0,0
nodes:9074826432,عياده الدكتور اميل عطالله,Dr Emil Attallah Clinic,clinic,Alexandria,الاسكندرية,,,,,HDX HOTOSM Egypt Health Facilities / OpenStreetMap contributors (modified 2026-05-06),31.2640047,30.0060922,,0,0
nodes:5237673858,دكتور ياسر يحيي,Dr. Yasser Yehia,clinic,Alexandria,الاسكندرية,,,,,HDX HOTOSM Egypt Health Facilities / OpenStreetMap contributors (modified 2026-05-06),31.2142751,29.9453354,,0,0
nodes:4575165467,Hadyclinic for Plastic Surgery and Burn,Hadyclinic for Plastic Surgery and Burn,clinic,Alexandria,الاسكندرية,,,,,HDX HOTOSM Egypt Health Facilities / OpenStreetMap contributors (modified 2026-05-06),31.2308163,29.9492136,,0,0
nodes:6948848891,Jamalek Skin Center Smouha,Jamalek Skin Center Smouha,clinic,Alexandria,الاسكندرية,,,,,HDX HOTOSM Egypt Health Facilities / OpenStreetMap contributors (modified 2026-05-06),31.2154155,29.9447672,,0,0
nodes:9064027917,مبرة العصافرة للتحاليل جليم,Mabarrt Asafra Laboratories,clinic,Alexandria,الاسكندرية,,,,,HDX HOTOSM Egypt Health Facilities / OpenStreetMap contributors (modified 2026-05-06),31.2385483,29.9630934,,0,0
nodes:6585383385,د. محمد شفيق شاهين,د. محمد شفيق شاهين,clinic,Alexandria,الاسكندرية,,,,,HDX HOTOSM Egypt Health Facilities / OpenStreetMap contributors (modified 2026-05-06),31.2197891,29.9326961,,0,0
nodes:6082411794,صحة فلمنج,صحة فلمنج,clinic,Alexandria,الاسكندرية,,,,,HDX HOTOSM Egypt Health Facilities / OpenStreetMap contributors (modified 2026-05-06),31.2446944,29.9661419,,0,0
nodes:6113237388,عيادات الأندلس الحديثة التخصصية,عيادات الأندلس الحديثة التخصصية,clinic,Alexandria,الاسكندرية,,,,,HDX HOTOSM Egypt Health Facilities / OpenStreetMap contributors (modified 2026-05-06),31.2389199,30.0016332,,0,0
nodes:6115990885,عيادات الحسن التخصصية,عيادات الحسن التخصصية,clinic,Alexandria,الاسكندرية,,,,,HDX HOTOSM Egypt Health Facilities / OpenStreetMap contributors (modified 2026-05-06),31.2416301,30.0030899,,0,0
nodes:5375599822,عيادات السلامة التخصصية,عيادات السلامة التخصصية,clinic,Alexandria,الاسكندرية,,,,dentist;child_psychiatry;internal;general,HDX HOTOSM Egypt Health Facilities / OpenStreetMap contributors (modified 2026-05-06),31.2419168,29.9999766,,0,0
nodes:5375598928,عيادات زهراء السيوف التخصصية,عيادات زهراء السيوف التخصصية,clinic,Alexandria,الاسكندرية,,,,,HDX HOTOSM Egypt Health Facilities / OpenStreetMap contributors (modified 2026-05-06),31.2412802,29.9980108,,0,0
nodes:5948072588,عيادة المنشية للتأمين على الطلاب والمواليد - منطقة وسط الطبية,عيادة المنشية للتأمين على الطلاب والمواليد - منطقة وسط الطبية,clinic,Alexandria,الاسكندرية,الإسكندرية,,,,HDX HOTOSM Egypt Health Facilities / OpenStreetMap contributors (modified 2026-05-06),31.1967645,29.8937999,,0,0
nodes:5633894821,عيادة د سامح فتحي,عيادة د سامح فتحي,clinic,Alexandria,الاسكندرية,,,,,HDX HOTOSM Egypt Health Facilities / OpenStreetMap contributors (modified 2026-05-06),31.2100021,29.9312484,,0,0
nodes:6443286997,مركز صحة الأسرة بسموحة,مركز صحة الأسرة بسموحة,clinic,Alexandria,الاسكندرية,,,,,HDX HOTOSM Egypt Health Facilities / OpenStreetMap contributors (modified 2026-05-06),31.2070386,29.9382112,,0,0
nodes:6113237387,مركز عناية الطبي,مركز عناية الطبي,clinic,Alexandria,الاسكندرية,,,,,HDX HOTOSM Egypt Health Facilities / OpenStreetMap contributors (modified 2026-05-06),31.2398262,30.0006714,,0,0
nodes:6093260486,مستوصف لواء الإسلام,مستوصف لواء الإسلام,clinic,Alexandria,الاسكندرية,,,,,HDX HOTOSM Egypt Health Facilities / OpenStreetMap contributors (modified 2026-05-06),31.2442821,29.983127,,0,0
nodes:9062912017,معمل المبرة جليم لتحاليل,معمل المبرة جليم لتحاليل,clinic,Alexandria,الاسكندرية,,,,,HDX HOTOSM Egypt Health Facilities / OpenStreetMap contributors (modified 2026-05-06),31.2377873,29.9620771,,0,0
nodes:6632972242,وحدة صحة أسرة دنا الجديدة (الوطنية) - منطقة شرق الطبية,وحدة صحة أسرة دنا الجديدة (الوطنية) - منطقة شرق الطبية,clinic,Alexandria,الاسكندرية,,,,,HDX HOTOSM Egypt Health Facilities / OpenStreetMap contributors (modified 2026-05-06),31.2297019,29.9914857,,0,0
nodes:6121714890,وحدة صحة الأسرة - دربالة,وحدة صحة الأسرة - دربالة,clinic,Alexandria,الاسكندرية,,,,,HDX HOTOSM Egypt Health Facilities / OpenStreetMap contributors (modified 2026-05-06),31.2508335,29.984435,,0,0
nodes:5170785121,وحدة صحة الاسرة بسيدي بشر بحري - منطقة المنتزه الطبية,وحدة صحة الاسرة بسيدي بشر بحري - منطقة المنتزه الطبية,clinic,Alexandria,الاسكندرية,,,,,HDX HOTOSM Egypt Health Facilities / OpenStreetMap contributors (modified 2026-05-06),31.2607607,29.9912443,,0,0
nodes:9023890420,عنان لطب الاسنان,Enan Dental Care,dentist,Alexandria,الاسكندرية,,,,,HDX HOTOSM Egypt Health Facilities / OpenStreetMap contributors (modified 2026-05-06),31.1701449,29.8768124,,0,0
nodes:5200286524,محمد مصطفى المراغي,Mohamed Mostafa Al-Mraghi,dentist,Alexandria,الاسكندرية,,,,,HDX HOTOSM Egypt Health Facilities / OpenStreetMap contributors (modified 2026-05-06),31.24782,29.9696936,,0,0
nodes:12351433678,Raoul Iskandar,Raoul Iskandar,dentist,Alexandria,الاسكندرية,,,,,HDX HOTOSM Egypt Health Facilities / OpenStreetMap contributors (modified 2026-05-06),31.199063,29.8985097,,0,0
nodes:4363732393,Taj Dental clinic,Taj Dental clinic,dentist,Alexandria,الاسكندرية,,,,,HDX HOTOSM Egypt Health Facilities / OpenStreetMap contributors (modified 2026-05-06),31.2436107,29.9690574,,0,0
nodes:6452095985,د. سامر فرج ظريف - طبيب وجراح الفم والأسنان,د. سامر فرج ظريف - طبيب وجراح الفم والأسنان,dentist,Alexandria,الاسكندرية,,,,,HDX HOTOSM Egypt Health Facilities / OpenStreetMap contributors (modified 2026-05-06),31.2378866,29.9838602,,0,0
nodes:6038374194,د. مصطفى سلامة,Dr. Mostafa Salama,doctor,Alexandria,الاسكندرية,,,,,HDX HOTOSM Egypt Health Facilities / OpenStreetMap contributors (modified 2026-05-06),31.2182224,29.9366476,,0,0
nodes:7600102585,دكتوره صباح غريب حامد الباروكى للنساء و التوليد,Dr.Sabah Ghareeb Hamed Albarouky,doctor,Alexandria,الاسكندرية,,,,,HDX HOTOSM Egypt Health Facilities / OpenStreetMap contributors (modified 2026-05-06),31.2294515,29.9527581,,0,0
nodes:8679556019,عياده الدكتور هشام العشماوي,Hesham El Ashmawy Clinic,doctor,Alexandria,الاسكندرية,,,,,HDX HOTOSM Egypt Health Facilities / OpenStreetMap contributors (modified 2026-05-06),31.2313404,29.9561842,,0,0
nodes:9152647117,مستشفى رأس التين العام,مستشفى رأس التين العام,doctor,Alexandria,الاسكندرية,,,,,HDX HOTOSM Egypt Health Facilities / OpenStreetMap contributors (modified 2026-05-06),31.2094878,29.8790614,,0,0
nodes:11428395042,مستشفي الإمام,Al Imam Hospital,hospital,Alexandria,الاسكندرية,,,,,HDX HOTOSM Egypt Health Facilities / OpenStreetMap contributors (modified 2026-05-06),31.2749094,30.0062183,,0,0
nodes:6080046486,مستشفى الملاح - مستشفى البدراوي ٢,Al Mallah Hospital,hospital,Alexandria,الاسكندرية,,,,,HDX HOTOSM Egypt Health Facilities / OpenStreetMap contributors (modified 2026-05-06),31.2553539,29.9850196,,0,0
nodes:1844290834,مستشفي المواساه,Al-Muwasah Hospital,hospital,Alexandria,الاسكندرية,,,,,HDX HOTOSM Egypt Health Facilities / OpenStreetMap contributors (modified 2026-05-06),31.2043914,29.9286838,,0,0
nodes:4759348722,مستشفى النقراشي,Al-Nukrashi Hospital,hospital,Alexandria,الاسكندرية,,,,,HDX HOTOSM Egypt Health Facilities / OpenStreetMap contributors (modified 2026-05-06),31.2083488,29.8815197,,0,0
nodes:1179121562,مستشفى ماري مرقص,Al-Qiddissin,hospital,Alexandria,الاسكندرية,,,,,HDX HOTOSM Egypt Health Facilities / OpenStreetMap contributors (modified 2026-05-06),31.2636249,29.9917679,,0,0
nodes:9349213302,Alsalama Hospital,Alsalama Hospital,hospital,Alexandria,الاسكندرية,,,,,HDX HOTOSM Egypt Health Facilities / OpenStreetMap contributors (modified 2026-05-06),31.2018205,29.9101858,,0,0
nodes:9648152027,Department for Internal Medicine,Department for Internal Medicine,hospital,Alexandria,الاسكندرية,,,,,HDX HOTOSM Egypt Health Facilities / OpenStreetMap contributors (modified 2026-05-06),31.2025983,29.9059535,,0,0
nodes:6982945486,النصر الشاملة,El Shamla hospital,hospital,Alexandria,الاسكندرية,,,,,HDX HOTOSM Egypt Health Facilities / OpenStreetMap contributors (modified 2026-05-06),31.1698343,29.8708821,,0,0
nodes:13169518887,مستشفى إليت,Elite Hospital,hospital,Alexandria,الاسكندرية,,,,,HDX HOTOSM Egypt Health Facilities / OpenStreetMap contributors (modified 2026-05-06),31.1717453,29.943345,,0,0
nodes:8679556020,المستشفى الألماني  مركز القلب الألماني,German Hospital and Cardiac Center,hospital,Alexandria,الاسكندرية,,,,,HDX HOTOSM Egypt Health Facilities / OpenStreetMap contributors (modified 2026-05-06),31.2370413,29.9576749,,0,0
nodes:1844289361,معهد البحوث الطبيه,Institute for Medical Research,hospital,Alexandria,الاسكندرية,,,,,HDX HOTOSM Egypt Health Facilities / OpenStreetMap contributors (modified 2026-05-06),31.2052904,29.9275717,,0,0
nodes:6372854086,مستشفى لوران,Louran Hospital,hospital,Alexandria,الاسكندرية,,,,,HDX HOTOSM Egypt Health Facilities / OpenStreetMap contributors (modified 2026-05-06),31.2478922,29.9736309,,0,0
nodes:4683208396,مستشفى المدينة للمرأة,Madina Women's Hospital,hospital,Alexandria,الاسكندرية,,,,,HDX HOTOSM Egypt Health Facilities / OpenStreetMap contributors (modified 2026-05-06),31.2103065,29.9385546,,0,0
nodes:12289900501,Main University Hospital,Main University Hospital,hospital,Alexandria,الاسكندرية,,,,,HDX HOTOSM Egypt Health Facilities / OpenStreetMap contributors (modified 2026-05-06),31.200857,29.9054701,,0,0
nodes:1698478723,مستشفي مصطفي كامل,Mostafa Kamel Hospital,hospital,Alexandria,الاسكندرية,,,,,HDX HOTOSM Egypt Health Facilities / OpenStreetMap contributors (modified 2026-05-06),31.2258268,29.9408078,,0,0
nodes:5948127094,مستشفى البترول بالإسكندرية,Petroleum Hospital in Alexandria,hospital,Alexandria,الاسكندرية,,,,,HDX HOTOSM Egypt Health Facilities / OpenStreetMap contributors (modified 2026-05-06),31.2345278,29.9626566,,0,0
nodes:4563330892,مستشفى الانبا تكلا التخصصى,Sant Takla Speciality Hospitalia,hospital,Alexandria,الاسكندرية,,,,,HDX HOTOSM Egypt Health Facilities / OpenStreetMap contributors (modified 2026-05-06),31.2109273,29.9265176,,0,0
nodes:6093260385,مستشفى فكتوريا,Victoria Hospital,hospital,Alexandria,الاسكندرية,,,,,HDX HOTOSM Egypt Health Facilities / OpenStreetMap contributors (modified 2026-05-06),31.2439359,29.9821849,,0,0
nodes:5867328034,الجمعية الشرعية,الجمعية الشرعية,hospital,Alexandria,الاسكندرية,,,,,HDX HOTOSM Egypt Health Facilities / OpenStreetMap contributors (modified 2026-05-06),31.2397069,29.9933271,,0,0
nodes:9006511017,المسشتفى التخصصي لامراض الجهاز الهضمي والكبد,المسشتفى التخصصي لامراض الجهاز الهضمي والكبد,hospital,Alexandria,الاسكندرية,,,,,HDX HOTOSM Egypt Health Facilities / OpenStreetMap contributors (modified 2026-05-06),31.2392452,29.96397,,0,0
nodes:5200295222,ASM E.2,الميري مدخل ٢,hospital,Alexandria,الاسكندرية,,,,,HDX HOTOSM Egypt Health Facilities / OpenStreetMap contributors (modified 2026-05-06),31.2017726,29.9041544,,0,0
nodes:6371119888,الهلال الأحمر المصري - فرع الإسكندرية - باكوس,الهلال الأحمر المصري - فرع الإسكندرية - باكوس,hospital,Alexandria,الاسكندرية,,,,,HDX HOTOSM Egypt Health Facilities / OpenStreetMap contributors (modified 2026-05-06),31.2320812,29.9703691,,0,0
nodes:4745917822,الهيئة العامة للتأمين الصحي,الهيئة العامة للتأمين الصحي,hospital,Alexandria,الاسكندرية,,,,,HDX HOTOSM Egypt Health Facilities / OpenStreetMap contributors (modified 2026-05-06),31.2337129,29.9520648,,0,0
nodes:5315862132,الوحدة الصحية أبيس 7,الوحدة الصحية أبيس 7,hospital,Alexandria,الاسكندرية,الاسكندريه,,,,HDX HOTOSM Egypt Health Facilities / OpenStreetMap contributors (modified 2026-05-06),31.1484562,29.955702,,0,0
nodes:6948109927,دكتور ممدوح حسين لطب الاطفال,دكتور ممدوح حسين لطب الاطفال,hospital,Alexandria,الاسكندرية,,,,paediatrics;general;clinic,HDX HOTOSM Egypt Health Facilities / OpenStreetMap contributors (modified 2026-05-06),31.2072614,29.9531454,,0,0
nodes:4745917821,مركز الصفوة للعيون,مركز الصفوة للعيون,hospital,Alexandria,الاسكندرية,,,,,HDX HOTOSM Egypt Health Facilities / OpenStreetMap contributors (modified 2026-05-06),31.2123904,29.9406952,,0,0
nodes:3893917394,مستشفى إبراهيم عبيد التخصصي,مستشفى إبراهيم عبيد التخصصي,hospital,Alexandria,الاسكندرية,,,,,HDX HOTOSM Egypt Health Facilities / OpenStreetMap contributors (modified 2026-05-06),31.2376371,29.9580884,,0,0
nodes:6509448487,مستشفى الإقبال,مستشفى الإقبال,hospital,Alexandria,الاسكندرية,,,,,HDX HOTOSM Egypt Health Facilities / OpenStreetMap contributors (modified 2026-05-06),31.251513,29.9753775,,0,0
nodes:5948124620,مستشفى الفتح,مستشفى الفتح,hospital,Alexandria,الاسكندرية,,,,,HDX HOTOSM Egypt Health Facilities / OpenStreetMap contributors (modified 2026-05-06),31.2343075,29.9639451,,0,0
nodes:5170748421,مستشفى المدينة المنورة,مستشفى المدينة المنورة,hospital,Alexandria,الاسكندرية,,,,,HDX HOTOSM Egypt Health Facilities / OpenStreetMap contributors (modified 2026-05-06),31.2630983,29.9951977,,0,0
nodes:4569230990,مستشفى النزهة للقلب والعناية المركزة,مستشفى النزهة للقلب والعناية المركزة,hospital,Alexandria,الاسكندرية,,,,,HDX HOTOSM Egypt Health Facilities / OpenStreetMap contributors (modified 2026-05-06),31.1949882,29.9168071,,0,0
nodes:4781406721,مستشفى بدراوى,مستشفى بدراوى,hospital,Alexandria,الاسكندرية,,,,,HDX HOTOSM Egypt Health Facilities / OpenStreetMap contributors (modified 2026-05-06),31.2168583,29.941556,,0,0
nodes:6572089485,مستشفى زمزم,مستشفى زمزم,hospital,Alexandria,الاسكندرية,,,,,HDX HOTOSM Egypt Health Facilities / OpenStreetMap contributors (modified 2026-05-06),31.1952169,29.9125867,,0,0
nodes:6443281834,مستشفى سموحة الدولي,مستشفى سموحة الدولي,hospital,Alexandria,الاسكندرية,,,,,HDX HOTOSM Egypt Health Facilities / OpenStreetMap contributors (modified 2026-05-06),31.2083152,29.9348175,,0,0
nodes:6796349005,مستشفى سهلا الجديدة,مستشفى سهلا الجديدة,hospital,Alexandria,الاسكندرية,,,,,HDX HOTOSM Egypt Health Facilities / OpenStreetMap contributors (modified 2026-05-06),31.1910639,29.9085547,,0,0
nodes:6115961588,مستشفى سيدي جابر التخصصي,مستشفى سيدي جابر التخصصي,hospital,Alexandria,الاسكندرية,,,,,HDX HOTOSM Egypt Health Facilities / OpenStreetMap contributors (modified 2026-05-06),31.219401,29.9414862,,0,0
nodes:3458193051,مستشفى شرق المدينة,مستشفى شرق المدينة,hospital,Alexandria,الاسكندرية,,,,,HDX HOTOSM Egypt Health Facilities / OpenStreetMap contributors (modified 2026-05-06),31.2620088,29.9923347,,0,0
nodes:6110860686,مستشفى طلبة جامعة الإسكندرية,مستشفى طلبة جامعة الإسكندرية,hospital,Alexandria,الاسكندرية,,,,,HDX HOTOSM Egypt Health Facilities / OpenStreetMap contributors (modified 2026-05-06),31.2028128,29.9199829,,0,0
nodes:6093262085,مستشفى لواء الإسلام,مستشفى لواء الإسلام,hospital,Alexandria,الاسكندرية,,,,,HDX HOTOSM Egypt Health Facilities / OpenStreetMap contributors (modified 2026-05-06),31.2442273,29.9867739,,0,0
nodes:4388651689,مستشفى مركز القلب الدولي icc,مستشفى مركز القلب الدولي icc,hospital,Alexandria,الاسكندرية,,,,,HDX HOTOSM Egypt Health Facilities / OpenStreetMap contributors (modified 2026-05-06),31.2168739,29.9422849,,0,0
nodes:6948853990,مستشفي اسكندرية الدولي,مستشفي اسكندرية الدولي,hospital,Alexandria,الاسكندرية,,,,,HDX HOTOSM Egypt Health Facilities / OpenStreetMap contributors (modified 2026-05-06),31.2158369,29.941974,,0,0
nodes:8968577939,مستشفي برج العرب العام,مستشفي برج العرب العام,hospital,Alexandria,الاسكندرية,مدينه برج العرب الجديده,,,general;internal;covid19;surgery,HDX HOTOSM Egypt Health Facilities / OpenStreetMap contributors (modified 2026-05-06),30.8831696,29.5737539,,0,0
nodes:8113204697,معمل د مجدي عبد الحميد و د عواطف عواد,Dr. Majdy Abdul Hamid and Dr. Awatif Awwad Factory,laboratory,Alexandria,الاسكندرية,,,,,HDX HOTOSM Egypt Health Facilities / OpenStreetMap contributors (modified 2026-05-06),31.2015851,29.9027531,,0,0
nodes:8730272608,معمل مبرة العصافرة,معمل مبرة العصافرة,laboratory,Alexandria,الاسكندرية,,,,,HDX HOTOSM Egypt Health Facilities / OpenStreetMap contributors (modified 2026-05-06),31.221487,29.9419365,,0,0
nodes:7151987885,صيدلية عفيفي,Afifi Pharmacy,pharmacy,Alexandria,الاسكندرية,,,,,HDX HOTOSM Egypt Health Facilities / OpenStreetMap contributors (modified 2026-05-06),31.263213,29.9945693,,0,0
nodes:7184770657,صيدلية عفيفي,Afifi Pharmacy,pharmacy,Alexandria,الاسكندرية,,,,,HDX HOTOSM Egypt Health Facilities / OpenStreetMap contributors (modified 2026-05-06),31.2632325,29.9945701,,0,0
nodes:9349221319,البطالسة,Al-Batalsa,pharmacy,Alexandria,الاسكندرية,,,,,HDX HOTOSM Egypt Health Facilities / OpenStreetMap contributors (modified 2026-05-06),31.2012367,29.9093893,,0,0
nodes:8994203942,صيدلية اميرة خاطر,Amera Khater Pharmacy,pharmacy,Alexandria,الاسكندرية,,,,,HDX HOTOSM Egypt Health Facilities / OpenStreetMap contributors (modified 2026-05-06),31.2325234,29.9492465,,0,0
nodes:11964176891,كير,Care,pharmacy,Alexandria,الاسكندرية,,,,,HDX HOTOSM Egypt Health Facilities / OpenStreetMap contributors (modified 2026-05-06),31.2094798,29.9142425,,0,0
nodes:5170742233,صيدليات دوائي,Dawaee Pharmacies,pharmacy,Alexandria,الاسكندرية,,,,,HDX HOTOSM Egypt Health Facilities / OpenStreetMap contributors (modified 2026-05-06),31.2623951,29.9940564,,0,0
nodes:2929380305,آجزخانة د عبد الناصر خليل,Dr Abdelnaswer Khalil Pharmacy,pharmacy,Alexandria,الاسكندرية,,,,,HDX HOTOSM Egypt Health Facilities / OpenStreetMap contributors (modified 2026-05-06),30.9815082,29.5782523,,0,0
nodes:12294048898,Dr. Alia Bayoumy,Dr. Alia Bayoumy,pharmacy,Alexandria,الاسكندرية,,,,,HDX HOTOSM Egypt Health Facilities / OpenStreetMap contributors (modified 2026-05-06),31.2036043,29.9117681,,0,0
nodes:2089184520,صيدليه د. أمنيه عنتر,Dr. Omneya Antar Pharmacy,pharmacy,Alexandria,الاسكندرية,,,,,HDX HOTOSM Egypt Health Facilities / OpenStreetMap contributors (modified 2026-05-06),31.1873252,29.9303945,,0,0
nodes:6080046489,صيدليات د. سمر مصطفى حسن,Dr. Samar Mostafa Hassan Pharmacies,pharmacy,Alexandria,الاسكندرية,,,,,HDX HOTOSM Egypt Health Facilities / OpenStreetMap contributors (modified 2026-05-06),31.2513547,29.9843987,,0,0
nodes:11964615797,فؤاد أحمد,Fouad Ahmed,pharmacy,Alexandria,الاسكندرية,,,,,HDX HOTOSM Egypt Health Facilities / OpenStreetMap contributors (modified 2026-05-06),31.2049704,29.904512,,0,0
nodes:9349213286,د. هدى حامد,Hamed Hoda,pharmacy,Alexandria,الاسكندرية,,,,,HDX HOTOSM Egypt Health Facilities / OpenStreetMap contributors (modified 2026-05-06),31.2009534,29.9078797,,0,0
nodes:9379262459,اسطنبول,Istanbul,pharmacy,Alexandria,الاسكندرية,,,,,HDX HOTOSM Egypt Health Facilities / OpenStreetMap contributors (modified 2026-05-06),31.1997521,29.9007618,,0,0
nodes:1844093244,صيدليه كريمه المراسي,Karima Al-Morasy Pharmacy,pharmacy,Alexandria,الاسكندرية,,,,,HDX HOTOSM Egypt Health Facilities / OpenStreetMap contributors (modified 2026-05-06),31.1859181,29.9316246,,0,0
nodes:9345182231,خليل,Khalil,pharmacy,Alexandria,الاسكندرية,,,,,HDX HOTOSM Egypt Health Facilities / OpenStreetMap contributors (modified 2026-05-06),31.2002288,29.8986212,,0,0
nodes:9423801429,خليل,Khalil,pharmacy,Alexandria,الاسكندرية,,,,,HDX HOTOSM Egypt Health Facilities / OpenStreetMap contributors (modified 2026-05-06),31.1999699,29.8974171,,0,0
nodes:9388509251,خليل,Khalil,pharmacy,Alexandria,الاسكندرية,,,,,HDX HOTOSM Egypt Health Facilities / OpenStreetMap contributors (modified 2026-05-06),31.201574,29.9007503,,0,0
nodes:1889270813,صيدلية خليل,Khalil Pharmacy,pharmacy,Alexandria,الاسكندرية,,,,,HDX HOTOSM Egypt Health Facilities / OpenStreetMap contributors (modified 2026-05-06),31.2558266,29.9850256,,0,0
nodes:9407947924,محفوظ,Mahfouz,pharmacy,Alexandria,الاسكندرية,,,,,HDX HOTOSM Egypt Health Facilities / OpenStreetMap contributors (modified 2026-05-06),31.1997359,29.9025126,,0,0
nodes:9641958540,Orphanides Pharmacy,Orphanides Pharmacy,pharmacy,Alexandria,الاسكندرية,,,,,HDX HOTOSM Egypt Health Facilities / OpenStreetMap contributors (modified 2026-05-06),31.1984529,29.9012655,,0,0
nodes:4947162324,صيدلية رشدي,Roshdy pharmacy,pharmacy,Alexandria,الاسكندرية,,,,,HDX HOTOSM Egypt Health Facilities / OpenStreetMap contributors (modified 2026-05-06),31.2266669,29.950128,,0,0
nodes:7040098485,صيدلية صابرين,Sabreen pharmacy,pharmacy,Alexandria,الاسكندرية,,,,,HDX HOTOSM Egypt Health Facilities / OpenStreetMap contributors (modified 2026-05-06),31.119046,29.7892721,,0,0
nodes:3841942465,Saint Geni,Saint Geni,pharmacy,Alexandria,الاسكندرية,,,,,HDX HOTOSM Egypt Health Facilities / OpenStreetMap contributors (modified 2026-05-06),31.2245313,29.9525218,,0,0
nodes:11907527051,أكسفورد,أكسفورد,pharmacy,Alexandria,الاسكندرية,,,,,HDX HOTOSM Egypt Health Facilities / OpenStreetMap contributors (modified 2026-05-06),31.2009408,29.902279,,0,0
nodes:12235907253,أيوب,أيوب,pharmacy,Alexandria,الاسكندرية,,,,,HDX HOTOSM Egypt Health Facilities / OpenStreetMap contributors (modified 2026-05-06),31.200856,29.8870938,,0,0
nodes:11914887985,العزبى,العزبى,pharmacy,Alexandria,الاسكندرية,,,,,HDX HOTOSM Egypt Health Facilities / OpenStreetMap contributors (modified 2026-05-06),31.1993084,29.9021361,,0,0
nodes:11937337800,المدينة,المدينة,pharmacy,Alexandria,الاسكندرية,,,,,HDX HOTOSM Egypt Health Facilities / OpenStreetMap contributors (modified 2026-05-06),31.2015146,29.9016587,,0,0
nodes:4586026791,خليل,خليل,pharmacy,Alexandria,الاسكندرية,,,,,HDX HOTOSM Egypt Health Facilities / OpenStreetMap contributors (modified 2026-05-06),31.2122552,29.9396644,,0,0
nodes:10199455941,د. خالد,د. خالد,pharmacy,Alexandria,الاسكندرية,,,,,HDX HOTOSM Egypt Health Facilities / OpenStreetMap contributors (modified 2026-05-06),31.200087,29.9075201,,0,0
nodes:6966883164,د/ خالد عبد الحيم,د/ خالد عبد الحيم,pharmacy,Alexandria,الاسكندرية,,,,,HDX HOTOSM Egypt Health Facilities / OpenStreetMap contributors (modified 2026-05-06),31.204376,29.9085723,,0,0
nodes:9648335817,د/ غلاب,د/ غلاب,pharmacy,Alexandria,الاسكندرية,,,,,HDX HOTOSM Egypt Health Facilities / OpenStreetMap contributors (modified 2026-05-06),31.1992282,29.8981853,,0,0
nodes:10222942489,دكتور أحمد شلبى,دكتور أحمد شلبى,pharmacy,Alexandria,الاسكندرية,,,,,HDX HOTOSM Egypt Health Facilities / OpenStreetMap contributors (modified 2026-05-06),31.2031312,29.9099241,,0,0
nodes:11907527064,رمضان,رمضان,pharmacy,Alexandria,الاسكندرية,,,,,HDX HOTOSM Egypt Health Facilities / OpenStreetMap contributors (modified 2026-05-06),31.2012436,29.9021168,,0,0
nodes:10222968808,سان سابا,سان سابا,pharmacy,Alexandria,الاسكندرية,,,,,HDX HOTOSM Egypt Health Facilities / OpenStreetMap contributors (modified 2026-05-06),31.1975498,29.9030872,,0,0
nodes:9641958546,سيف,سيف,pharmacy,Alexandria,الاسكندرية,,,,,HDX HOTOSM Egypt Health Facilities / OpenStreetMap contributors (modified 2026-05-06),31.1980525,29.9001842,,0,0
nodes:6372803487,صيدليات د. أسامة الطيبي,صيدليات د. أسامة الطيبي,pharmacy,Alexandria,الاسكندرية,,,,,HDX HOTOSM Egypt Health Facilities / OpenStreetMap contributors (modified 2026-05-06),31.2423484,29.9688636,,0,0
nodes:6464331286,صيدليات د. أسامة الطيبي,صيدليات د. أسامة الطيبي,pharmacy,Alexandria,الاسكندرية,الإسكندرية,,,,HDX HOTOSM Egypt Health Facilities / OpenStreetMap contributors (modified 2026-05-06),31.1989663,29.8989538,,0,0
nodes:6090044295,صيدليات د. أسامة الطيبي,صيدليات د. أسامة الطيبي,pharmacy,Alexandria,الاسكندرية,,,,,HDX HOTOSM Egypt Health Facilities / OpenStreetMap contributors (modified 2026-05-06),31.2222433,29.93284,,0,0
nodes:6223133386,صيدليات عفيفي,صيدليات عفيفي,pharmacy,Alexandria,الاسكندرية,,,,,HDX HOTOSM Egypt Health Facilities / OpenStreetMap contributors (modified 2026-05-06),31.2506825,29.9816216,,0,0
nodes:6509448488,صيدلية,صيدلية,pharmacy,Alexandria,الاسكندرية,,,,,HDX HOTOSM Egypt Health Facilities / OpenStreetMap contributors (modified 2026-05-06),31.2511884,29.9753599,,0,0
nodes:6266057186,صيدلية أبو العيش,صيدلية أبو العيش,pharmacy,Alexandria,الاسكندرية,,,,,HDX HOTOSM Egypt Health Facilities / OpenStreetMap contributors (modified 2026-05-06),31.2411136,29.9958494,,0,0
nodes:6475724486,صيدلية أبو زيادة,صيدلية أبو زيادة,pharmacy,Alexandria,الاسكندرية,,,,,HDX HOTOSM Egypt Health Facilities / OpenStreetMap contributors (modified 2026-05-06),31.2404084,29.9657583,,0,0
nodes:6227364591,صيدلية أم المؤمنين,صيدلية أم المؤمنين,pharmacy,Alexandria,الاسكندرية,,,,,HDX HOTOSM Egypt Health Facilities / OpenStreetMap contributors (modified 2026-05-06),31.2524419,29.9833791,,0,0
nodes:6899030085,صيدلية طاهر,صيدلية الأسرة,pharmacy,Alexandria,الاسكندرية,,,,,HDX HOTOSM Egypt Health Facilities / OpenStreetMap contributors (modified 2026-05-06),31.2377003,29.9823423,,0,0
nodes:4868074322,صيدلية الإقبال,صيدلية الإقبال,pharmacy,Alexandria,الاسكندرية,,,,,HDX HOTOSM Egypt Health Facilities / OpenStreetMap contributors (modified 2026-05-06),31.2485779,29.9764471,,0,0
nodes:4827861923,صيدلية البسمة,صيدلية البسمة,pharmacy,Alexandria,الاسكندرية,,,,,HDX HOTOSM Egypt Health Facilities / OpenStreetMap contributors (modified 2026-05-06),31.2576692,29.9812896,,0,0
nodes:6087025189,صيدلية الجمل,صيدلية الجمل,pharmacy,Alexandria,الاسكندرية,,,,,HDX HOTOSM Egypt Health Facilities / OpenStreetMap contributors (modified 2026-05-06),31.2493177,29.9810303,,0,0
nodes:5844620785,صيدلية الجندي,صيدلية الجندي,pharmacy,Alexandria,الاسكندرية,,,,,HDX HOTOSM Egypt Health Facilities / OpenStreetMap contributors (modified 2026-05-06),31.238863,30.0021082,,0,0
nodes:6115961594,صيدلية الجندي,صيدلية الجندي,pharmacy,Alexandria,الاسكندرية,,,,,HDX HOTOSM Egypt Health Facilities / OpenStreetMap contributors (modified 2026-05-06),31.238779,30.0025021,,0,0
nodes:6055746686,صيدلية الحسن,صيدلية الحسن,pharmacy,Alexandria,الاسكندرية,,,,,HDX HOTOSM Egypt Health Facilities / OpenStreetMap contributors (modified 2026-05-06),31.2503082,29.9750428,,0,0
nodes:6943364294,صيدلية الخشاب,صيدلية الخشاب,pharmacy,Alexandria,الاسكندرية,,,,,HDX HOTOSM Egypt Health Facilities / OpenStreetMap contributors (modified 2026-05-06),31.2382824,29.9866278,,0,0
nodes:4837055046,صيدلية الزراني,صيدلية الزراني,pharmacy,Alexandria,الاسكندرية,,,,,HDX HOTOSM Egypt Health Facilities / OpenStreetMap contributors (modified 2026-05-06),31.256469,29.9859068,,0,0
nodes:9349837945,صيدلية السلطان حسين,صيدلية السلطان حسين,pharmacy,Alexandria,الاسكندرية,,,,,HDX HOTOSM Egypt Health Facilities / OpenStreetMap contributors (modified 2026-05-06),31.2021079,29.9114817,,0,0
nodes:5844698786,صيدلية الشاذلي,صيدلية الشاذلي,pharmacy,Alexandria,الاسكندرية,,,,,HDX HOTOSM Egypt Health Facilities / OpenStreetMap contributors (modified 2026-05-06),31.2359247,29.9996741,,0,0
nodes:5026583221,صيدلية العامرية,صيدلية العامرية,pharmacy,Alexandria,الاسكندرية,,,,,HDX HOTOSM Egypt Health Facilities / OpenStreetMap contributors (modified 2026-05-06),31.0187245,29.8008189,,0,0
nodes:5554054724,صيدلية العزبي,صيدلية العزبي,pharmacy,Alexandria,الاسكندرية,,,,,HDX HOTOSM Egypt Health Facilities / OpenStreetMap contributors (modified 2026-05-06),31.2397251,29.9653475,,0,0
nodes:6371117792,صيدلية العزبي,صيدلية العزبي,pharmacy,Alexandria,الاسكندرية,,,,,HDX HOTOSM Egypt Health Facilities / OpenStreetMap contributors (modified 2026-05-06),31.2068734,29.9644944,,0,0
nodes:6482843885,صيدلية الغالي,صيدلية الغالي,pharmacy,Alexandria,الاسكندرية,,,,,HDX HOTOSM Egypt Health Facilities / OpenStreetMap contributors (modified 2026-05-06),31.2561008,29.980095,,0,0
nodes:5948124619,صيدلية الفتح,صيدلية الفتح,pharmacy,Alexandria,الاسكندرية,,,,,HDX HOTOSM Egypt Health Facilities / OpenStreetMap contributors (modified 2026-05-06),31.2329859,29.9635116,,0,0
nodes:6055746685,صيدلية الهلال,صيدلية الهلال,pharmacy,Alexandria,الاسكندرية,,,,,HDX HOTOSM Egypt Health Facilities / OpenStreetMap contributors (modified 2026-05-06),31.2176141,29.9386726,,0,0
nodes:4947150822,صيدلية بخيت,صيدلية بخيت,pharmacy,Alexandria,الاسكندرية,,,,,HDX HOTOSM Egypt Health Facilities / OpenStreetMap contributors (modified 2026-05-06),31.2228836,29.9488191,,0,0
nodes:4868056925,صيدلية بخيت,صيدلية بخيت,pharmacy,Alexandria,الاسكندرية,,,,,HDX HOTOSM Egypt Health Facilities / OpenStreetMap contributors (modified 2026-05-06),31.247381,29.9781411,,0,0
nodes:10222968801,صيدلية بروناى,صيدلية بروناى,pharmacy,Alexandria,الاسكندرية,,,,,HDX HOTOSM Egypt Health Facilities / OpenStreetMap contributors (modified 2026-05-06),31.1982036,29.9040847,,0,0
nodes:5375575928,صيدلية جميلة بو حريد,صيدلية جميلة بو حريد,pharmacy,Alexandria,الاسكندرية,,,,,HDX HOTOSM Egypt Health Facilities / OpenStreetMap contributors (modified 2026-05-06),31.2403333,29.9926821,,0,0
nodes:4947150824,صيدلية خليل,صيدلية خليل,pharmacy,Alexandria,الاسكندرية,,,,,HDX HOTOSM Egypt Health Facilities / OpenStreetMap contributors (modified 2026-05-06),31.224583,29.9472387,,0,0
nodes:5170755824,صيدلية خليل,صيدلية خليل,pharmacy,Alexandria,الاسكندرية,,,,,HDX HOTOSM Egypt Health Facilities / OpenStreetMap contributors (modified 2026-05-06),31.2657525,29.9972624,,0,0
nodes:6372854085,صيدلية خليل,صيدلية خليل,pharmacy,Alexandria,الاسكندرية,,,,,HDX HOTOSM Egypt Health Facilities / OpenStreetMap contributors (modified 2026-05-06),31.2411791,29.9671782,,0,0
nodes:6335618686,صيدلية د. أبو الوفا محيي,صيدلية د. أبو الوفا محيي,pharmacy,Alexandria,الاسكندرية,,,,,HDX HOTOSM Egypt Health Facilities / OpenStreetMap contributors (modified 2026-05-06),31.2380647,30.0013537,,0,0
nodes:6561842185,صيدلية د. أحمد حلمي الشعراوي,صيدلية د. أحمد حلمي الشعراوي,pharmacy,Alexandria,الاسكندرية,,,,,HDX HOTOSM Egypt Health Facilities / OpenStreetMap contributors (modified 2026-05-06),31.2455001,30.0044768,,0,0
nodes:6354461386,صيدلية د. أحمد عاطف حسنين,صيدلية د. أحمد عاطف حسنين,pharmacy,Alexandria,الاسكندرية,,,,,HDX HOTOSM Egypt Health Facilities / OpenStreetMap contributors (modified 2026-05-06),31.2370492,30.003835,,0,0
nodes:5866410991,صيدلية د. أحمد فايد,صيدلية د. أحمد فايد,pharmacy,Alexandria,الاسكندرية,,,,,HDX HOTOSM Egypt Health Facilities / OpenStreetMap contributors (modified 2026-05-06),31.2389475,30.0014495,,0,0
nodes:5751933626,صيدلية د. أشرف أبو الوفا,صيدلية د. أشرف أبو الوفا,pharmacy,Alexandria,الاسكندرية,,,,,HDX HOTOSM Egypt Health Facilities / OpenStreetMap contributors (modified 2026-05-06),31.2427828,30.0021067,,0,0
nodes:6115961592,صيدلية د. إسماعيل,صيدلية د. إسماعيل,pharmacy,Alexandria,الاسكندرية,,,,,HDX HOTOSM Egypt Health Facilities / OpenStreetMap contributors (modified 2026-05-06),31.2424416,30.0006998,,0,0
nodes:6082849985,صيدلية د. إيمان يسري,صيدلية د. إيمان يسري,pharmacy,Alexandria,الاسكندرية,,,,,HDX HOTOSM Egypt Health Facilities / OpenStreetMap contributors (modified 2026-05-06),31.2370784,29.9999821,,0,0
nodes:5848312489,صيدلية د. اسلام السحار,صيدلية د. اسلام السحار,pharmacy,Alexandria,الاسكندرية,,,,,HDX HOTOSM Egypt Health Facilities / OpenStreetMap contributors (modified 2026-05-06),31.2419304,30.002996,,0,0
nodes:5902468091,صيدلية د. حسام محمد عبد الهادي,صيدلية د. حسام محمد عبد الهادي,pharmacy,Alexandria,الاسكندرية,,,,,HDX HOTOSM Egypt Health Facilities / OpenStreetMap contributors (modified 2026-05-06),31.2402056,30.0025345,,0,0
nodes:6470195785,صيدلية د. دعاء يس,صيدلية د. دعاء يس,pharmacy,Alexandria,الاسكندرية,,,,,HDX HOTOSM Egypt Health Facilities / OpenStreetMap contributors (modified 2026-05-06),31.2438866,30.0056964,,0,0
nodes:6152071786,صيدلية د. دينا عبد الله,صيدلية د. دينا عبد الله,pharmacy,Alexandria,الاسكندرية,,,,,HDX HOTOSM Egypt Health Facilities / OpenStreetMap contributors (modified 2026-05-06),31.2406487,30.0044582,,0,0
nodes:6696901586,صيدلية د. ريهام عبد المحسن,صيدلية د. ريهام عبد المحسن,pharmacy,Alexandria,الاسكندرية,,,,,HDX HOTOSM Egypt Health Facilities / OpenStreetMap contributors (modified 2026-05-06),31.2426458,30.0034157,,0,0
nodes:6052332285,صيدلية د. ريهام غانم,صيدلية د. ريهام غانم,pharmacy,Alexandria,الاسكندرية,,,,,HDX HOTOSM Egypt Health Facilities / OpenStreetMap contributors (modified 2026-05-06),31.2417439,30.0004233,,0,0
nodes:6318356186,صيدلية د. سامح ماهر,صيدلية د. سامح ماهر,pharmacy,Alexandria,الاسكندرية,,,,,HDX HOTOSM Egypt Health Facilities / OpenStreetMap contributors (modified 2026-05-06),31.2430716,30.00034,,0,0
nodes:4827861926,صيدلية دكتور سعيد السيد اسماعيل,صيدلية د. سعيد السيد اسماعيل,pharmacy,Alexandria,الاسكندرية,,,,,HDX HOTOSM Egypt Health Facilities / OpenStreetMap contributors (modified 2026-05-06),31.2558797,29.9840164,,0,0
nodes:6482847585,صيدلية د. سلوى سليمان,صيدلية د. سلوى سليمان,pharmacy,Alexandria,الاسكندرية,,,,,HDX HOTOSM Egypt Health Facilities / OpenStreetMap contributors (modified 2026-05-06),31.2549867,29.9821379,,0,0
nodes:6943357586,صيدلية د. سمير شوقي,صيدلية د. سمير شوقي,pharmacy,Alexandria,الاسكندرية,,,,,HDX HOTOSM Egypt Health Facilities / OpenStreetMap contributors (modified 2026-05-06),31.2392602,29.983354,,0,0
nodes:6396502585,صيدلية د. سهام الغمراوي,صيدلية د. سهام الغمراوي,pharmacy,Alexandria,الاسكندرية,,,,,HDX HOTOSM Egypt Health Facilities / OpenStreetMap contributors (modified 2026-05-06),31.2445832,30.0004525,,0,0
nodes:6139256086,صيدلية د. سوزان علي,صيدلية د. سوزان علي,pharmacy,Alexandria,الاسكندرية,,,,,HDX HOTOSM Egypt Health Facilities / OpenStreetMap contributors (modified 2026-05-06),31.2442932,30.0028169,,0,0
nodes:6138026085,صيدلية د. شيرين كمال,صيدلية د. شيرين كمال,pharmacy,Alexandria,الاسكندرية,,,,,HDX HOTOSM Egypt Health Facilities / OpenStreetMap contributors (modified 2026-05-06),31.2404164,30.0007544,,0,0
nodes:6052332185,صيدلية د. شيماء طلعت,صيدلية د. شيماء طلعت,pharmacy,Alexandria,الاسكندرية,,,,,HDX HOTOSM Egypt Health Facilities / OpenStreetMap contributors (modified 2026-05-06),31.2412106,29.9998876,,0,0
nodes:6318356086,صيدلية د. عبد الحكيم,صيدلية د. عبد الحكيم,pharmacy,Alexandria,الاسكندرية,,,,,HDX HOTOSM Egypt Health Facilities / OpenStreetMap contributors (modified 2026-05-06),31.2213499,29.9441243,,0,0
nodes:6258432585,صيدلية د. عبد الحميد الجمل,صيدلية د. عبد الحميد الجمل,pharmacy,Alexandria,الاسكندرية,,,,,HDX HOTOSM Egypt Health Facilities / OpenStreetMap contributors (modified 2026-05-06),31.2418103,29.99981,,0,0
nodes:6372805687,صيدلية د. علي أبو المعاطي,صيدلية د. علي أبو المعاطي,pharmacy,Alexandria,الاسكندرية,,,,,HDX HOTOSM Egypt Health Facilities / OpenStreetMap contributors (modified 2026-05-06),31.2434482,30.0047413,,0,0
nodes:5866422985,صيدلية د. علي المتبولي,صيدلية د. علي المتبولي,pharmacy,Alexandria,الاسكندرية,,,,,HDX HOTOSM Egypt Health Facilities / OpenStreetMap contributors (modified 2026-05-06),31.2400432,29.9934647,,0,0
nodes:6882881085,صيدلية د. عماد حمزة,صيدلية د. عماد حمزة,pharmacy,Alexandria,الاسكندرية,,,,,HDX HOTOSM Egypt Health Facilities / OpenStreetMap contributors (modified 2026-05-06),31.2434367,29.9994199,,0,0
nodes:5751958922,صيدلية د. عمرو محمد حسن,صيدلية د. عمرو محمد حسن,pharmacy,Alexandria,الاسكندرية,,,,,HDX HOTOSM Egypt Health Facilities / OpenStreetMap contributors (modified 2026-05-06),31.2414286,30.0009371,,0,0
nodes:6139256087,صيدلية د. غادة أحمد سمير,صيدلية د. غادة أحمد سمير,pharmacy,Alexandria,الاسكندرية,,,,,HDX HOTOSM Egypt Health Facilities / OpenStreetMap contributors (modified 2026-05-06),31.2434633,30.0033082,,0,0
nodes:6052755288,صيدلية د. كمال محيي الدين,صيدلية د. كمال محيي الدين,pharmacy,Alexandria,الاسكندرية,,,,,HDX HOTOSM Egypt Health Facilities / OpenStreetMap contributors (modified 2026-05-06),31.2174275,29.9308487,,0,0
nodes:6347592786,صيدلية د. ليلى يوسف,صيدلية د. ليلى يوسف,pharmacy,Alexandria,الاسكندرية,,,,,HDX HOTOSM Egypt Health Facilities / OpenStreetMap contributors (modified 2026-05-06),31.2358946,30.0026892,,0,0
nodes:6095347485,صيدلية د. ماجدة فهيم,صيدلية د. ماجدة فهيم,pharmacy,Alexandria,الاسكندرية,,,,,HDX HOTOSM Egypt Health Facilities / OpenStreetMap contributors (modified 2026-05-06),31.2393676,29.9780882,,0,0
nodes:6258426685,صيدلية د. ماريانا,صيدلية د. ماريانا,pharmacy,Alexandria,الاسكندرية,,,,,HDX HOTOSM Egypt Health Facilities / OpenStreetMap contributors (modified 2026-05-06),31.2434621,30.0016806,,0,0
nodes:6083634085,صيدلية د. محمد بيومي,صيدلية د. محمد بيومي,pharmacy,Alexandria,الاسكندرية,,,,,HDX HOTOSM Egypt Health Facilities / OpenStreetMap contributors (modified 2026-05-06),31.2371511,30.0021741,,0,0
nodes:6955835085,صيدلية د. محمد جمال علي,صيدلية د. محمد جمال علي,pharmacy,Alexandria,الاسكندرية,,,,,HDX HOTOSM Egypt Health Facilities / OpenStreetMap contributors (modified 2026-05-06),31.2413553,30.0023881,,0,0
nodes:5844612685,صيدلية د. محمد حسن معالي,صيدلية د. محمد حسن معالي,pharmacy,Alexandria,الاسكندرية,,,,,HDX HOTOSM Egypt Health Facilities / OpenStreetMap contributors (modified 2026-05-06),31.2395008,30.0029157,,0,0
nodes:6347592790,صيدلية د. محمد حمدي وافي,صيدلية د. محمد حمدي وافي,pharmacy,Alexandria,الاسكندرية,,,,,HDX HOTOSM Egypt Health Facilities / OpenStreetMap contributors (modified 2026-05-06),31.241419,30.0004553,,0,0
nodes:6020642086,صيدلية د. محمد دسوقي خلف,صيدلية د. محمد دسوقي خلف,pharmacy,Alexandria,الاسكندرية,,,,,HDX HOTOSM Egypt Health Facilities / OpenStreetMap contributors (modified 2026-05-06),31.2406039,30.0008986,,0,0
nodes:5697364721,صيدلية د. مدحت بكر,صيدلية د. مدحت بكر,pharmacy,Alexandria,الاسكندرية,,,,,HDX HOTOSM Egypt Health Facilities / OpenStreetMap contributors (modified 2026-05-06),31.2722308,30.0037029,,0,0
nodes:6065431485,صيدلية د. مروة ممدوح,صيدلية د. مروة ممدوح,pharmacy,Alexandria,الاسكندرية,,,,,HDX HOTOSM Egypt Health Facilities / OpenStreetMap contributors (modified 2026-05-06),31.2429713,29.9994511,,0,0
nodes:6080046385,صيدلية د. ميشيل ذكري,صيدلية د. ميشيل ذكري,pharmacy,Alexandria,الاسكندرية,,,,,HDX HOTOSM Egypt Health Facilities / OpenStreetMap contributors (modified 2026-05-06),31.2381317,30.0022911,,0,0
nodes:5848314987,صيدلية د. ناصف الساعدي,صيدلية د. ناصف الساعدي,pharmacy,Alexandria,الاسكندرية,,,,,HDX HOTOSM Egypt Health Facilities / OpenStreetMap contributors (modified 2026-05-06),31.2411046,30.0035293,,0,0
nodes:6020662886,صيدلية د. نسرين إسماعيل,صيدلية د. نسرين إسماعيل,pharmacy,Alexandria,الاسكندرية,,,,,HDX HOTOSM Egypt Health Facilities / OpenStreetMap contributors (modified 2026-05-06),31.2417348,30.0017049,,0,0
nodes:6146115085,صيدلية د. نصر كمال,صيدلية د. نصر كمال,pharmacy,Alexandria,الاسكندرية,,,,,HDX HOTOSM Egypt Health Facilities / OpenStreetMap contributors (modified 2026-05-06),31.2387122,29.9992154,,0,0
nodes:6052780985,صيدلية د. يسري عبد المجيد,صيدلية د. يسري عبد المجيد,pharmacy,Alexandria,الاسكندرية,,,,,HDX HOTOSM Egypt Health Facilities / OpenStreetMap contributors (modified 2026-05-06),31.2169948,29.9301337,,0,0
nodes:4827837421,صيدلية دكتور فؤاد القرنشاوي,صيدلية دكتور فؤاد القرنشاوي,pharmacy,Alexandria,الاسكندرية,,,,,HDX HOTOSM Egypt Health Facilities / OpenStreetMap contributors (modified 2026-05-06),31.2563194,29.9867251,,0,0
nodes:6087025187,صيدلية رعاية,صيدلية رعاية,pharmacy,Alexandria,الاسكندرية,,,,,HDX HOTOSM Egypt Health Facilities / OpenStreetMap contributors (modified 2026-05-06),31.2525908,29.9862845,,0,0
nodes:6258053386,صيدلية زيتون,صيدلية زيتون,pharmacy,Alexandria,الاسكندرية,,,,,HDX HOTOSM Egypt Health Facilities / OpenStreetMap contributors (modified 2026-05-06),31.2391506,29.9960553,,0,0
nodes:6258389687,صيدلية سراييفو,صيدلية سراييفو,pharmacy,Alexandria,الاسكندرية,,,,,HDX HOTOSM Egypt Health Facilities / OpenStreetMap contributors (modified 2026-05-06),31.2403561,29.996049,,0,0
nodes:6470160785,صيدلية سعد زغلول,صيدلية سعد زغلول,pharmacy,Alexandria,الاسكندرية,الإسكندرية,,,,HDX HOTOSM Egypt Health Facilities / OpenStreetMap contributors (modified 2026-05-06),31.1996206,29.8993412,,0,0
nodes:6052781085,صيدلية عبد الرحمن,صيدلية عبد الرحمن,pharmacy,Alexandria,الاسكندرية,,,,,HDX HOTOSM Egypt Health Facilities / OpenStreetMap contributors (modified 2026-05-06),31.2181681,29.9378464,,0,0
nodes:6498480885,صيدلية عبد العال,صيدلية عبد العال,pharmacy,Alexandria,الاسكندرية,,,,,HDX HOTOSM Egypt Health Facilities / OpenStreetMap contributors (modified 2026-05-06),31.2386469,30.0036782,,0,0
nodes:5375598927,صيدلية عبد العزيز,صيدلية عبد العزيز,pharmacy,Alexandria,الاسكندرية,,,,,HDX HOTOSM Egypt Health Facilities / OpenStreetMap contributors (modified 2026-05-06),31.2412744,29.9978926,,0,0
nodes:6482843785,صيدلية عبد الله الجديدة,صيدلية عبد الله الجديدة,pharmacy,Alexandria,الاسكندرية,,,,,HDX HOTOSM Egypt Health Facilities / OpenStreetMap contributors (modified 2026-05-06),31.2553386,29.9791759,,0,0
nodes:6138018386,صيدلية عمر,صيدلية عمر,pharmacy,Alexandria,الاسكندرية,,,,,HDX HOTOSM Egypt Health Facilities / OpenStreetMap contributors (modified 2026-05-06),31.2398802,30.0045616,,0,0
nodes:7232721370,صيدلية ماهر الشرقاوى,صيدلية ماهر الشرقاوى,pharmacy,Alexandria,الاسكندرية,,,,,HDX HOTOSM Egypt Health Facilities / OpenStreetMap contributors (modified 2026-05-06),31.1176609,29.7871241,,0,0
nodes:12236594193,صيدلية محطة مصر,صيدلية محطة مصر,pharmacy,Alexandria,الاسكندرية,,,,,HDX HOTOSM Egypt Health Facilities / OpenStreetMap contributors (modified 2026-05-06),31.1920226,29.905916,,0,0
nodes:6130911696,صيدلية نهال,صيدلية نهال,pharmacy,Alexandria,الاسكندرية,,,,,HDX HOTOSM Egypt Health Facilities / OpenStreetMap contributors (modified 2026-05-06),31.2537049,29.9839753,,0,0
nodes:4947162625,صيدلية نيو جوانيدس,صيدلية نيو جوانيدس,pharmacy,Alexandria,الاسكندرية,,,,,HDX HOTOSM Egypt Health Facilities / OpenStreetMap contributors (modified 2026-05-06),31.2275963,29.951654,,0,0
nodes:5948124621,صيدلية هند الطيبي,صيدلية هند الطيبي,pharmacy,Alexandria,الاسكندرية,,,,,HDX HOTOSM Egypt Health Facilities / OpenStreetMap contributors (modified 2026-05-06),31.234612,29.9634673,,0,0
nodes:6115990685,مسجد أبو الصديق,مسجد أبو الصديق,pharmacy,Alexandria,الاسكندرية,,,,,HDX HOTOSM Egypt Health Facilities / OpenStreetMap contributors (modified 2026-05-06),31.2402787,30.0010085,,0,0
nodes:12236648364,مشرف,مشرف,pharmacy,Alexandria,الاسكندرية,,,,,HDX HOTOSM Egypt Health Facilities / OpenStreetMap contributors (modified 2026-05-06),31.1922724,29.9098678,,0,0
nodes:8232520551,عيادة الدكتور أسامة سيف,Doctor Osama Saif Clinic,clinic,Behera,البحيرة,,,,paediatrics,HDX HOTOSM Egypt Health Facilities / OpenStreetMap contributors (modified 2026-05-06),30.8263964,30.5376648,,0,0
nodes:7931900885,معمل الصفوة,معمل الصفوة,clinic,Behera,البحيرة,,,,,HDX HOTOSM Egypt Health Facilities / OpenStreetMap contributors (modified 2026-05-06),30.7600122,30.0778434,,0,0
nodes:5108253592,مستشفي ابوحمص العام,Abu Homos Hospital,hospital,Behera,البحيرة,,,,,HDX HOTOSM Egypt Health Facilities / OpenStreetMap contributors (modified 2026-05-06),31.104539,30.314618,,0,0
nodes:12278326902,مستشفى رشيد العام,Rashid General Hospital,hospital,Behera,البحيرة,,,,,HDX HOTOSM Egypt Health Facilities / OpenStreetMap contributors (modified 2026-05-06),31.4069122,30.4193311,,0,0
nodes:8378236702,مركز الثقافة العمالية بكفر الدوار,مركز الثقافة العمالية بكفر الدوار,hospital,Behera,البحيرة,كفر الدوار,,,,HDX HOTOSM Egypt Health Facilities / OpenStreetMap contributors (modified 2026-05-06),31.1388502,30.1223348,,0,0
nodes:3979548721,مستشفى هيفاء الطبى,مستشفى هيفاء الطبى,hospital,Behera,البحيرة,,,,,HDX HOTOSM Egypt Health Facilities / OpenStreetMap contributors (modified 2026-05-06),31.0968978,30.6736142,,0,0
nodes:10061923216,المعمل للتحاليل الطبية,Al Maamal Medical Lab,laboratory,Behera,البحيرة,,,,,HDX HOTOSM Egypt Health Facilities / OpenStreetMap contributors (modified 2026-05-06),30.829209,30.5350014,,0,0
nodes:9641717460,صيدلية الحمكة,Al Hikmah Pharmacy,pharmacy,Behera,البحيرة,,,,,HDX HOTOSM Egypt Health Facilities / OpenStreetMap contributors (modified 2026-05-06),31.4026827,30.4217756,,0,0
nodes:10537027856,صيدلية الدكتور ايهاب خضر,Doctor Ehab Khadir Pharmacy,pharmacy,Behera,البحيرة,,,,,HDX HOTOSM Egypt Health Facilities / OpenStreetMap contributors (modified 2026-05-06),30.9561274,30.6802642,,0,0
nodes:3981517902,صيدلية الدكتور محمود الجزار,Dr. Mahmoud Elgazzar's pharmacy,pharmacy,Behera,البحيرة,,,,,HDX HOTOSM Egypt Health Facilities / OpenStreetMap contributors (modified 2026-05-06),31.0980081,30.6740862,,0,0
nodes:3979550984,صيدلية الدكتور رضا الرمادى,Dr. Reda Elramady's Pharmacy,pharmacy,Behera,البحيرة,,,,,HDX HOTOSM Egypt Health Facilities / OpenStreetMap contributors (modified 2026-05-06),31.0976654,30.6707222,,0,0
nodes:10022715476,صيدلية د/ وائل عرفان قلقيلة,Dr. Wael Irfan Qalqilya Pharmacy,pharmacy,Behera,البحيرة,,,,,HDX HOTOSM Egypt Health Facilities / OpenStreetMap contributors (modified 2026-05-06),31.1810615,30.5268521,,0,0
nodes:4346448490,Mahmoud Nour Eldin,Mahmoud Nour Eldin,pharmacy,Behera,البحيرة,,,,,HDX HOTOSM Egypt Health Facilities / OpenStreetMap contributors (modified 2026-05-06),31.133093,30.1339423,,0,0
nodes:5544913821,القدس للمبيدات والأسمدة,القدس للمبيدات والأسمدة,pharmacy,Behera,البحيرة,,,,,HDX HOTOSM Egypt Health Facilities / OpenStreetMap contributors (modified 2026-05-06),30.7007143,30.266938,,0,0
nodes:3987566846,صيدلية الدكتور اسماعيل الغالى,صيدلية الدكتور اسماعيل الغالى,pharmacy,Behera,البحيرة,,,,,HDX HOTOSM Egypt Health Facilities / OpenStreetMap contributors (modified 2026-05-06),31.0966803,30.6764665,,0,0
nodes:3987578746,صيدلية الدكتور محمود الجزار,صيدلية الدكتور محمود الجزار,pharmacy,Behera,البحيرة,,,,,HDX HOTOSM Egypt Health Facilities / OpenStreetMap contributors (modified 2026-05-06),31.0943719,30.673713,,0,0
nodes:3981517903,صيدلية الدكتورة ايمان مزيد,صيدلية الدكتورة ايمان مزيد,pharmacy,Behera,البحيرة,,,,,HDX HOTOSM Egypt Health Facilities / OpenStreetMap contributors (modified 2026-05-06),31.098511,30.6706609,,0,0
nodes:3987574526,صيدلية الدكتورة شيرين الخرادلى,صيدلية الدكتورة شيرين الخرادلى,pharmacy,Behera,البحيرة,,,,,HDX HOTOSM Egypt Health Facilities / OpenStreetMap contributors (modified 2026-05-06),31.0952033,30.6741744,,0,0
nodes:12543690310,101 Clinics,101 Clinics,clinic,Cairo,القاهرة,القاهرة الجديدة,,,plastic_surgery;laser_hair_removal;dental_oral_maxillo_facial_surgery;orthodontics;physiatry;physiotherapy,HDX HOTOSM Egypt Health Facilities / OpenStreetMap contributors (modified 2026-05-06),30.0012223,31.5066992,,0,0
nodes:13294691866,Beshara Dental Clinic - دكتور عماد بشارة,Beshara Dental Clinic - دكتور عماد بشارة,clinic,Cairo,القاهرة,حلوان,,,dental_oral_maxillo_facial_surgery,HDX HOTOSM Egypt Health Facilities / OpenStreetMap contributors (modified 2026-05-06),29.8450865,31.3302354,,0,0
nodes:4760434421,Cutis clinic,Cutis clinic,clinic,Cairo,القاهرة,,,,,HDX HOTOSM Egypt Health Facilities / OpenStreetMap contributors (modified 2026-05-06),30.0906739,31.3282192,,0,0
nodes:5535757821,DFC مركز القدم السكري,DFC مركز القدم السكري,clinic,Cairo,القاهرة,,,,,HDX HOTOSM Egypt Health Facilities / OpenStreetMap contributors (modified 2026-05-06),30.0663395,31.2803752,,0,0
nodes:10974556796,الدكتور وائل نجار,Doctor Wael Nagger,clinic,Cairo,القاهرة,,,,,HDX HOTOSM Egypt Health Facilities / OpenStreetMap contributors (modified 2026-05-06),29.9610961,31.2970299,,0,0
nodes:7147303485,205 عيادة الدكتور أحمد عبدالعزيز أبو زيد/استاذ الجراحة/ جامعة عين شمس,Dr Ahmed Abdul Arizona Abo Zaid Clinic,clinic,Cairo,القاهرة,,,,,HDX HOTOSM Egypt Health Facilities / OpenStreetMap contributors (modified 2026-05-06),30.0599146,31.2636082,,0,0
nodes:11886593370,عيادة الدكتور طارق مأمون استشاري العيون والرمد,Dr Tarek Mamoun Ophthalmology Clinic,clinic,Cairo,القاهرة,,,,,HDX HOTOSM Egypt Health Facilities / OpenStreetMap contributors (modified 2026-05-06),30.092557,31.3203773,,0,0
nodes:8501558934,عيادة الدكتور عمرو سويدان,Dr. Amr Swidan Clinic,clinic,Cairo,القاهرة,,,,,HDX HOTOSM Egypt Health Facilities / OpenStreetMap contributors (modified 2026-05-06),30.0283455,31.4861358,,0,0
nodes:8842480762,عيادة الدكتور كيرلس كمال رزق,Dr. Cyrlis Kamal Rizk Clinic,clinic,Cairo,القاهرة,,,,,HDX HOTOSM Egypt Health Facilities / OpenStreetMap contributors (modified 2026-05-06),30.1430443,31.3232768,,0,0
nodes:4391293992,مركز عيون د. حسين شاكر المرقبي,Dr. Hussein Shaker El-Marqaby,clinic,Cairo,القاهرة,,,,,HDX HOTOSM Egypt Health Facilities / OpenStreetMap contributors (modified 2026-05-06),30.1007825,31.3497998,,0,0
nodes:6341456985,دكتور محمود ناجي استشاري جراحة العظام و المفاصل,"Dr. Mahmoud Nagy , Orthopedics & Arthroplasty Clinic",clinic,Cairo,القاهرة,,,,,HDX HOTOSM Egypt Health Facilities / OpenStreetMap contributors (modified 2026-05-06),30.0878755,31.3015455,,0,0
nodes:6341456685,دكتور محمود ناجي استشاري جراحة العظام و المفاصل,"Dr. Mahmoud Nagy, MRCS. Consultant Orthopedic Surgery",clinic,Cairo,القاهرة,,,,,HDX HOTOSM Egypt Health Facilities / OpenStreetMap contributors (modified 2026-05-06),30.0952401,31.3042252,,0,0
nodes:9165743652,د. ملك نادر,Dr. Malak Nader,clinic,Cairo,القاهرة,,,,orthopaedics,HDX HOTOSM Egypt Health Facilities / OpenStreetMap contributors (modified 2026-05-06),30.0556972,31.352549,,0,0
nodes:4684958289,عيادة الدكتور سامح السيد سالم,Dr. Sameh Salem Clinic,clinic,Cairo,القاهرة,,,,,HDX HOTOSM Egypt Health Facilities / OpenStreetMap contributors (modified 2026-05-06),30.0962148,31.306246,,0,0
nodes:6946430685,معمل د.إيليا أنيس إسحق,Dr.Elia Anis Ishaq Lab,clinic,Cairo,القاهرة,القاهرة,,,,HDX HOTOSM Egypt Health Facilities / OpenStreetMap contributors (modified 2026-05-06),30.0606418,31.2456346,,0,0
nodes:4292420889,Egyptian IVF Center,Egyptian IVF Center,clinic,Cairo,القاهرة,,,,,HDX HOTOSM Egypt Health Facilities / OpenStreetMap contributors (modified 2026-05-06),29.9673243,31.2483765,,0,0
nodes:9100036719,مستشفى الكهرباء بألماظة,Electricity Hospital,clinic,Cairo,القاهرة,,,,,HDX HOTOSM Egypt Health Facilities / OpenStreetMap contributors (modified 2026-05-06),30.0796287,31.3736285,,0,0
nodes:3841179277,مركز الفحص الطبى لادارة الطيران الأمريكية FAA,FAA certified Medical Checkup Center,clinic,Cairo,القاهرة,,,,,HDX HOTOSM Egypt Health Facilities / OpenStreetMap contributors (modified 2026-05-06),30.1184005,31.3888576,,0,0
nodes:7266633050,دكتورة جميلة محمد نصر، القلب و الأوعية الدموية,"Gamila Mohamed Nasr ,Cardiology",clinic,Cairo,القاهرة,,,,,HDX HOTOSM Egypt Health Facilities / OpenStreetMap contributors (modified 2026-05-06),30.0798217,31.3417916,,0,0
nodes:5383243322,الجولف ميموريال,Golf Memorial Hospital,clinic,Cairo,القاهرة,,,,,HDX HOTOSM Egypt Health Facilities / OpenStreetMap contributors (modified 2026-05-06),30.0790385,31.3372636,,0,0
nodes:3841179278,مركز الفحص الطبى للطيران المدنى ICAO,ICAO Medical Checkup Center,clinic,Cairo,القاهرة,,,,,HDX HOTOSM Egypt Health Facilities / OpenStreetMap contributors (modified 2026-05-06),30.1183228,31.3889072,,0,0
nodes:6438108169,Jamalek Skin Center Arabella west,Jamalek Skin Center Arabella west,clinic,Cairo,القاهرة,القاهرة الجديدة,,,,HDX HOTOSM Egypt Health Facilities / OpenStreetMap contributors (modified 2026-05-06),29.9903099,31.4228833,,0,0
nodes:12205946881,Kaissar Clinic,Kaissar Clinic,clinic,Cairo,القاهرة,,,,general,HDX HOTOSM Egypt Health Facilities / OpenStreetMap contributors (modified 2026-05-06),30.1517332,31.6267694,,0,0
nodes:10033391518,عيادة جراحة اورام العظام اد/ محمد عبدالرحمن مصطفى الننى,Musculoskeletal Oncology Clinic Prof DR / Mohamed Abdel Rahman Mostafa Elniny,clinic,Cairo,القاهرة,,,,,HDX HOTOSM Egypt Health Facilities / OpenStreetMap contributors (modified 2026-05-06),30.0758972,31.307917,,0,0
nodes:10033391517,عيادة جراحة اورام العظام اد/ محمد عبدالرحمن مصطفى الننى,Musculoskeletal oncology clinic professor Dr / Mohamed Abdel Rahman Mostafa Elniny,clinic,Cairo,القاهرة,,,,,HDX HOTOSM Egypt Health Facilities / OpenStreetMap contributors (modified 2026-05-06),30.0763826,31.3077718,,0,0
nodes:5643087934,نوروميد - المركز المتكامل لطب المخ والأعصاب,NEUROMED - Centre de neurochirurgie intégré,clinic,Cairo,القاهرة,القاهرة,,,neurology;sleep,HDX HOTOSM Egypt Health Facilities / OpenStreetMap contributors (modified 2026-05-06),30.0909668,31.3283729,,0,0
nodes:6548637385,مركز نيروكير,Neurocare,clinic,Cairo,القاهرة,,,,,HDX HOTOSM Egypt Health Facilities / OpenStreetMap contributors (modified 2026-05-06),30.0508411,31.3286219,,0,0
nodes:4469632892,د. ممدوح لبيب,Offshore Medical Dr. Labib,clinic,Cairo,القاهرة,,,,,HDX HOTOSM Egypt Health Facilities / OpenStreetMap contributors (modified 2026-05-06),30.0724682,31.3238183,,0,0
nodes:4567262789,عياده بيرفيكت دينتال,Perfect dental clinic,clinic,Cairo,القاهرة,,,,,HDX HOTOSM Egypt Health Facilities / OpenStreetMap contributors (modified 2026-05-06),30.1045019,31.3492988,,0,0
nodes:5111904824,عيادة اد عبد العظيم الحفني,Prof. Dr. AbdelAzeim Elhefny Clinic,clinic,Cairo,القاهرة,,,,,HDX HOTOSM Egypt Health Facilities / OpenStreetMap contributors (modified 2026-05-06),30.0785593,31.2774003,,0,0
nodes:5105686232,مستشفى تبارك للاطفال,Tabarak hospital,clinic,Cairo,القاهرة,,,,,HDX HOTOSM Egypt Health Facilities / OpenStreetMap contributors (modified 2026-05-06),30.1233343,31.2973597,,0,0
nodes:8435463580,تكنو سكان,Techno Scan,clinic,Cairo,القاهرة,,,,diagnostic_radiology,HDX HOTOSM Egypt Health Facilities / OpenStreetMap contributors (modified 2026-05-06),30.0947798,31.3319027,,0,0
nodes:6575069741,Touches Clinic,Touches Clinic,clinic,Cairo,القاهرة,,,,plastic_surgery;dental;dermatology,HDX HOTOSM Egypt Health Facilities / OpenStreetMap contributors (modified 2026-05-06),30.0891875,31.3418608,,0,0
nodes:8866998349,Zaki Dental Clinic,Zaki Dental Clinic,clinic,Cairo,القاهرة,القاهرة الجديدة,,,dentist,HDX HOTOSM Egypt Health Facilities / OpenStreetMap contributors (modified 2026-05-06),30.0345352,31.4853836,,0,0
nodes:5359156224,family park,family park,clinic,Cairo,القاهرة,,,,,HDX HOTOSM Egypt Health Facilities / OpenStreetMap contributors (modified 2026-05-06),30.0815455,31.501931,,0,0
nodes:4558229689,fit life - Dr Sameh Mohsen,fit life - Dr Sameh Mohsen,clinic,Cairo,القاهرة,,,,,HDX HOTOSM Egypt Health Facilities / OpenStreetMap contributors (modified 2026-05-06),30.0536604,31.3279802,,0,0
nodes:5314820040,المستشفى الوطنى للعيون,المستشفى الوطنى للعيون,clinic,Cairo,القاهرة,,,,,HDX HOTOSM Egypt Health Facilities / OpenStreetMap contributors (modified 2026-05-06),30.1139539,31.3492447,,0,0
nodes:4364876094,د. إيهاب عامر (المنيل),د. إيهاب عامر (المنيل),clinic,Cairo,القاهرة,,,,,HDX HOTOSM Egypt Health Facilities / OpenStreetMap contributors (modified 2026-05-06),30.0271988,31.226678,,0,0
nodes:9822436734,د. عمرو عنتر أخصائي التخاطب,د. عمرو عنتر أخصائي التخاطب,clinic,Cairo,القاهرة,,,,,HDX HOTOSM Egypt Health Facilities / OpenStreetMap contributors (modified 2026-05-06),30.0235306,31.2261325,,0,0
nodes:3966622220,د. فتحي فوزي,د. فتحي فوزي,clinic,Cairo,القاهرة,,,,,HDX HOTOSM Egypt Health Facilities / OpenStreetMap contributors (modified 2026-05-06),30.105397,31.3386349,,0,0
nodes:6669794949,عيادات الشفاء التخصصية,عيادات الشفاء التخصصية,clinic,Cairo,القاهرة,,,,,HDX HOTOSM Egypt Health Facilities / OpenStreetMap contributors (modified 2026-05-06),29.974263,31.2488562,,0,0
nodes:5314820046,عيادات ايجيبت ميديكال التخصصية,عيادات ايجيبت ميديكال التخصصية,clinic,Cairo,القاهرة,,,,,HDX HOTOSM Egypt Health Facilities / OpenStreetMap contributors (modified 2026-05-06),30.0985908,31.3227981,,0,0
nodes:7973148688,عيادات سيمويا الايطالية للتجميل SIMOE Italian Beauty Clinics,عيادات سيمويا الايطالية للتجميل SIMOE Italian Beauty Clinics,clinic,Cairo,القاهرة,القاهرة,,,,HDX HOTOSM Egypt Health Facilities / OpenStreetMap contributors (modified 2026-05-06),30.0754592,31.339633,,0,0
nodes:12403250301,عيادات كيميت,عيادات كيميت,clinic,Cairo,القاهرة,,,,,HDX HOTOSM Egypt Health Facilities / OpenStreetMap contributors (modified 2026-05-06),30.0886265,31.3073849,,0,0
nodes:4385997189,عيادة د ابراهيم زهران,عيادة د ابراهيم زهران,clinic,Cairo,القاهرة,,,,,HDX HOTOSM Egypt Health Facilities / OpenStreetMap contributors (modified 2026-05-06),30.1576507,31.6071115,,0,0
nodes:3966612431,عيادة د. احمد العساف,عيادة د. احمد العساف,clinic,Cairo,القاهرة,,,,,HDX HOTOSM Egypt Health Facilities / OpenStreetMap contributors (modified 2026-05-06),30.0464585,31.3392842,,0,0
nodes:7367385103,عيادة د.أشرف سيد كامل لطب الأطفال,عيادة د.أشرف سيد كامل لطب الأطفال,clinic,Cairo,القاهرة,القاهرة,,,children,HDX HOTOSM Egypt Health Facilities / OpenStreetMap contributors (modified 2026-05-06),29.9751122,31.3156638,,0,0
nodes:411891407,عيادة دكتور رفيق سليمان,عيادة دكتور رفيق سليمان,clinic,Cairo,القاهرة,,,,,HDX HOTOSM Egypt Health Facilities / OpenStreetMap contributors (modified 2026-05-06),30.0914309,31.3136014,,0,0
nodes:5314820371,عيادة دكتور محمد مغازى,عيادة دكتور محمد مغازى,clinic,Cairo,القاهرة,,,,,HDX HOTOSM Egypt Health Facilities / OpenStreetMap contributors (modified 2026-05-06),30.1104717,31.3443183,,0,0
nodes:5314820045,عيادة هليوبوليس للعيون,عيادة هليوبوليس للعيون,clinic,Cairo,القاهرة,,,,,HDX HOTOSM Egypt Health Facilities / OpenStreetMap contributors (modified 2026-05-06),30.10947,31.3346683,,0,0
nodes:5314820374,مجمع اطباء 2,مجمع اطباء 2,clinic,Cairo,القاهرة,,,,,HDX HOTOSM Egypt Health Facilities / OpenStreetMap contributors (modified 2026-05-06),30.1057899,31.33279,,0,0
nodes:5314820042,مجمع اطباء بطرس غالى,مجمع اطباء بطرس غالى,clinic,Cairo,القاهرة,,,,,HDX HOTOSM Egypt Health Facilities / OpenStreetMap contributors (modified 2026-05-06),30.0927628,31.3198716,,0,0
nodes:5314820047,مجمع جمال الدين الافغاني,مجمع جمال الدين الافغاني,clinic,Cairo,القاهرة,,,,,HDX HOTOSM Egypt Health Facilities / OpenStreetMap contributors (modified 2026-05-06),30.0966748,31.3281267,,0,0
nodes:7345679685,محمد حسن الفقي,محمد حسن الفقي,clinic,Cairo,القاهرة,,,,,HDX HOTOSM Egypt Health Facilities / OpenStreetMap contributors (modified 2026-05-06),29.8437594,31.3268199,,0,0
nodes:5518514125,مركز السمع و الاتزان د/منى العقاد,مركز دكتورة منى العقاد,clinic,Cairo,القاهرة,,,,,HDX HOTOSM Egypt Health Facilities / OpenStreetMap contributors (modified 2026-05-06),30.0242377,31.2261714,,0,0
nodes:8611347646,مركز طبي عابدين (ابو طبل),مركز طبي عابدين (ابو طبل),clinic,Cairo,القاهرة,,,,general,HDX HOTOSM Egypt Health Facilities / OpenStreetMap contributors (modified 2026-05-06),30.0397738,31.2442788,,0,0
nodes:5108363022,مركز طبي مسجد خاتم النبيين,مركز طبي مسجد خاتم النبيين,clinic,Cairo,القاهرة,,,,,HDX HOTOSM Egypt Health Facilities / OpenStreetMap contributors (modified 2026-05-06),30.1253566,31.2967861,,0,0
nodes:6968250185,مركز مصر للأشعة,مركز مصر للأشعة,clinic,Cairo,القاهرة,,,,,HDX HOTOSM Egypt Health Facilities / OpenStreetMap contributors (modified 2026-05-06),30.086977,31.3025062,,0,0
nodes:9227183317,مستشفي الياسمين بالمعادي,مستشفي الياسمين بالمعادي,clinic,Cairo,القاهرة,,,,,HDX HOTOSM Egypt Health Facilities / OpenStreetMap contributors (modified 2026-05-06),29.9840696,31.2729478,,0,0
nodes:8893396233,مستشفی الجلاء العسكري,مستشفی الجلاء العسكري,clinic,Cairo,القاهرة,,,,,HDX HOTOSM Egypt Health Facilities / OpenStreetMap contributors (modified 2026-05-06),30.0990398,31.3500451,,0,0
nodes:13119302916,مكتب صحة - الدرب الاحمر,مكتب صحة - الدرب الاحمر,clinic,Cairo,القاهرة,,,,,HDX HOTOSM Egypt Health Facilities / OpenStreetMap contributors (modified 2026-05-06),30.0397371,31.2538745,,0,0
nodes:13119302915,مكتب صحة - المنيل,مكتب صحة - المنيل,clinic,Cairo,القاهرة,,,,,HDX HOTOSM Egypt Health Facilities / OpenStreetMap contributors (modified 2026-05-06),30.0221976,31.2271378,,0,0
nodes:8611347645,مكتب صحة - عابدين,مكتب صحة - عابدين,clinic,Cairo,القاهرة,القاهرة,,,,HDX HOTOSM Egypt Health Facilities / OpenStreetMap contributors (modified 2026-05-06),30.0441751,31.2432214,,0,0
nodes:13116549706,180 دنتال,180 Dental,dentist,Cairo,القاهرة,,,,,HDX HOTOSM Egypt Health Facilities / OpenStreetMap contributors (modified 2026-05-06),29.9599819,31.2717884,,0,0
nodes:11438230763,د حسن محمود المرشدي,Dr Hassan Mahmoud Morshedy,dentist,Cairo,القاهرة,,,,,HDX HOTOSM Egypt Health Facilities / OpenStreetMap contributors (modified 2026-05-06),29.9542758,31.2679106,,0,0
nodes:2208279227,Dr. Magdy Mostafa - Dental Consultant,Dr. Magdy Mostafa - Dental Consultant,dentist,Cairo,القاهرة,,,,,HDX HOTOSM Egypt Health Facilities / OpenStreetMap contributors (modified 2026-05-06),29.9516216,31.2654043,,0,0
nodes:2208300651,Dr. Mohamed A. Abd El Latif - oral & dental surgeon,Dr. Mohamed A. Abd El Latif - oral & dental surgeon,dentist,Cairo,القاهرة,,,,,HDX HOTOSM Egypt Health Facilities / OpenStreetMap contributors (modified 2026-05-06),29.9502227,31.2676434,,0,0
nodes:4401043992,عياده اسنان د. محمد طلعت,Dr. Mohamed Talaat Cosmetic Dental Clinic,dentist,Cairo,القاهرة,,,,,HDX HOTOSM Egypt Health Facilities / OpenStreetMap contributors (modified 2026-05-06),30.0529539,31.345496,,0,0
nodes:8272474772,الدكتور مصطفى سعيد معن,Dr. Mostafa Saeed Maan,dentist,Cairo,القاهرة,,,,,HDX HOTOSM Egypt Health Facilities / OpenStreetMap contributors (modified 2026-05-06),30.0879472,31.3373302,,0,0
nodes:4474254789,Dr. Nayer Farah,Dr. Nayer Farah,dentist,Cairo,القاهرة,,,,,HDX HOTOSM Egypt Health Facilities / OpenStreetMap contributors (modified 2026-05-06),30.0945602,31.3295339,,0,0
nodes:2208039809,International Dental,International Dental,dentist,Cairo,القاهرة,,,,,HDX HOTOSM Egypt Health Facilities / OpenStreetMap contributors (modified 2026-05-06),29.959755,31.2599999,,0,0
nodes:11215391492,Mattar Dental Center,Mattar Dental Center,dentist,Cairo,القاهرة,,,,,HDX HOTOSM Egypt Health Facilities / OpenStreetMap contributors (modified 2026-05-06),29.9554825,31.2718737,,0,0
nodes:2208039811,Mira Dental Center,Mira Dental Center,dentist,Cairo,القاهرة,,,,,HDX HOTOSM Egypt Health Facilities / OpenStreetMap contributors (modified 2026-05-06),29.9597558,31.2600031,,0,0
nodes:6632111206,Niazi Dent,Niazi Dent,dentist,Cairo,القاهرة,,,,,HDX HOTOSM Egypt Health Facilities / OpenStreetMap contributors (modified 2026-05-06),30.1012511,31.3453587,,0,0
nodes:11029692056,مركز بلاتينوم للاسنان,Platinum Dental Center,dentist,Cairo,القاهرة,,,,,HDX HOTOSM Egypt Health Facilities / OpenStreetMap contributors (modified 2026-05-06),30.0540896,31.3446852,,0,0
nodes:11533735379,محمود شلش,Shalash Dental and Implant Center,dentist,Cairo,القاهرة,,,,,HDX HOTOSM Egypt Health Facilities / OpenStreetMap contributors (modified 2026-05-06),29.9567548,31.2611263,,0,0
nodes:13438870674,SuperSmiles Dental Clinic,SuperSmiles Dental Clinic,dentist,Cairo,القاهرة,مدينة نصر,,,orthodontics;implantology;general;cosmotics,HDX HOTOSM Egypt Health Facilities / OpenStreetMap contributors (modified 2026-05-06),30.0671372,31.33228,,0,0
nodes:11524773208,The Bridge,The Bridge,dentist,Cairo,القاهرة,,,,,HDX HOTOSM Egypt Health Facilities / OpenStreetMap contributors (modified 2026-05-06),29.962392,31.2767952,,0,0
nodes:5129741023,د.محمدشومان,د.محمدشومان,dentist,Cairo,القاهرة,,,,,HDX HOTOSM Egypt Health Facilities / OpenStreetMap contributors (modified 2026-05-06),30.0559514,31.3598769,,0,0
nodes:5314819216,دكتور تامر ابراهيم بدر,دكتور تامر ابراهيم بدر,dentist,Cairo,القاهرة,,,,,HDX HOTOSM Egypt Health Facilities / OpenStreetMap contributors (modified 2026-05-06),30.1067482,31.3350247,,0,0
nodes:5314819353,عيادة الحجاز لطب الاسنان- دكتور احمد عبدالعزيز,عيادة الحجاز لطب الاسنان- دكتور احمد عبدالعزيز,dentist,Cairo,القاهرة,,,,,HDX HOTOSM Egypt Health Facilities / OpenStreetMap contributors (modified 2026-05-06),30.1098133,31.3437867,,0,0
nodes:11210990834,مركز بهمان للعلاج النفسي,Behman Therapy Center,doctor,Cairo,القاهرة,,,,psychiatry;child_psychiatry;behavior,HDX HOTOSM Egypt Health Facilities / OpenStreetMap contributors (modified 2026-05-06),29.9623875,31.2776044,,0,0
nodes:2208254917,Body & Soul Clinic for Physiotherapy,Body & Soul Clinic for Physiotherapy,doctor,Cairo,القاهرة,,,,,HDX HOTOSM Egypt Health Facilities / OpenStreetMap contributors (modified 2026-05-06),29.9508338,31.2666309,,0,0
nodes:11533735374,Charming Clinic,Charming Clinic,doctor,Cairo,القاهرة,,,,dermatology,HDX HOTOSM Egypt Health Facilities / OpenStreetMap contributors (modified 2026-05-06),29.9568008,31.2610864,,0,0
nodes:6472333385,Dr Tarek Sultan,Dr Tarek Sultan,doctor,Cairo,القاهرة,,,,,HDX HOTOSM Egypt Health Facilities / OpenStreetMap contributors (modified 2026-05-06),30.0771864,31.3100662,,0,0
nodes:2207984634,Dr. A.F. Hamed - Gynaecologist & Obstetrician,Dr. A.F. Hamed - Gynaecologist & Obstetrician,doctor,Cairo,القاهرة,,,,,HDX HOTOSM Egypt Health Facilities / OpenStreetMap contributors (modified 2026-05-06),29.9589089,31.2607152,,0,0
nodes:2195644527,"Dr. Dawlat Belal, Prof. of Nephrology","Dr. Dawlat Belal, Prof. of Nephrology",doctor,Cairo,القاهرة,,,,,HDX HOTOSM Egypt Health Facilities / OpenStreetMap contributors (modified 2026-05-06),29.953626,31.2634085,,0,0
nodes:4644228100,ڤيلا الدكتور عصمت الهواري,Dr. Esmat Elhawary villa,doctor,Cairo,القاهرة,,,,,HDX HOTOSM Egypt Health Facilities / OpenStreetMap contributors (modified 2026-05-06),30.0131881,31.311283,,0,0
nodes:2195644528,Dr. Hoda Marzouk - Gynecologist and Obstetrician,Dr. Hoda Marzouk - Gynecologist and Obstetrician,doctor,Cairo,القاهرة,,,,,HDX HOTOSM Egypt Health Facilities / OpenStreetMap contributors (modified 2026-05-06),29.9526072,31.2640431,,0,0
nodes:2196984162,"Dr. Lotfy adb El-kader, Professor of Urology & Andrology","Dr. Lotfy adb El-kader, Professor of Urology & Andrology",doctor,Cairo,القاهرة,,,,,HDX HOTOSM Egypt Health Facilities / OpenStreetMap contributors (modified 2026-05-06),29.9587621,31.2595812,,0,0
nodes:2208300648,Dr. Magdy Mazhar - consultant physician,Dr. Magdy Mazhar - consultant physician,doctor,Cairo,القاهرة,,,,,HDX HOTOSM Egypt Health Facilities / OpenStreetMap contributors (modified 2026-05-06),29.9502153,31.267644,,0,0
nodes:2208300653,"Dr. Mohamed H. El Kabeer - Consultant ear, nose, throat","Dr. Mohamed H. El Kabeer - Consultant ear, nose, throat",doctor,Cairo,القاهرة,,,,,HDX HOTOSM Egypt Health Facilities / OpenStreetMap contributors (modified 2026-05-06),29.9502153,31.2676536,,0,0
nodes:2208169792,Dr. Nabil Elsahy - Plastic surgery,Dr. Nabil Elsahy - Plastic surgery,doctor,Cairo,القاهرة,,,,,HDX HOTOSM Egypt Health Facilities / OpenStreetMap contributors (modified 2026-05-06),29.957053,31.2700343,,0,0
nodes:2207984635,Dr. Suzan Fawzy - Ophthalmology,Dr. Suzan Fawzy - Ophthalmology,doctor,Cairo,القاهرة,,,,,HDX HOTOSM Egypt Health Facilities / OpenStreetMap contributors (modified 2026-05-06),29.9589115,31.2605264,,0,0
nodes:6581412071,د.احمد البسيونى,Dr.Ahmed Elbassiony,doctor,Cairo,القاهرة,,,,مخ_واعصاب_·_نفسي_اطفال_·_نفسي_بالغين_·_مخ_واعصاب_بالغين_·_مخ_واعصاب_اطفال;brain_and_nerves_child_psychology_brain_and_nerves_in_adults_brain_and_nerves_in_children_brain_and_nerves_in_children,HDX HOTOSM Egypt Health Facilities / OpenStreetMap contributors (modified 2026-05-06),30.0868614,31.3001929,,0,0
nodes:4583761689,د/خالد  زكي منصور,Dr.khaled Zaki Mansour,doctor,Cairo,القاهرة,,,,,HDX HOTOSM Egypt Health Facilities / OpenStreetMap contributors (modified 2026-05-06),30.1010574,31.3399452,,0,0
nodes:2195644529,Ear Nose & Throat Clinic - Dr. Badawy C. Khalifa,Ear Nose & Throat Clinic - Dr. Badawy C. Khalifa,doctor,Cairo,القاهرة,,,,,HDX HOTOSM Egypt Health Facilities / OpenStreetMap contributors (modified 2026-05-06),29.9536235,31.2633975,,0,0
nodes:2208039804,Hayat Fertility & Women's Health Center,Hayat Fertility & Women's Health Center,doctor,Cairo,القاهرة,,,,,HDX HOTOSM Egypt Health Facilities / OpenStreetMap contributors (modified 2026-05-06),29.9597818,31.2600648,,0,0
nodes:2196984168,Maadi Dental & Implantology Clinic,Maadi Dental & Implantology Clinic,doctor,Cairo,القاهرة,,,,,HDX HOTOSM Egypt Health Facilities / OpenStreetMap contributors (modified 2026-05-06),29.9587583,31.2595684,,0,0
nodes:2196984171,Orthopeadic Surgeon,Orthopeadic Surgeon,doctor,Cairo,القاهرة,,,,,HDX HOTOSM Egypt Health Facilities / OpenStreetMap contributors (modified 2026-05-06),29.9587577,31.2595922,,0,0
nodes:11119511505,Platinum Dental Center,Platinum Dental Center,doctor,Cairo,القاهرة,,,,,HDX HOTOSM Egypt Health Facilities / OpenStreetMap contributors (modified 2026-05-06),30.0546825,31.344548,,0,0
nodes:5229290221,فيلا الدكتور شريف فكري,Villa DR Sherif fikry,doctor,Cairo,القاهرة,,,,,HDX HOTOSM Egypt Health Facilities / OpenStreetMap contributors (modified 2026-05-06),30.0226637,31.4280016,,0,0
nodes:2195669867,Well Care Polyclinic,Well Care Polyclinic,doctor,Cairo,القاهرة,,,,,HDX HOTOSM Egypt Health Facilities / OpenStreetMap contributors (modified 2026-05-06),29.9566469,31.2607366,,0,0
nodes:11533735378,أحمد حسانين,أحمد حسانين,doctor,Cairo,القاهرة,,,,orthopaedics,HDX HOTOSM Egypt Health Facilities / OpenStreetMap contributors (modified 2026-05-06),29.9567705,31.2611213,,0,0
nodes:11533730368,أحمد شلش,أحمد شلش,doctor,Cairo,القاهرة,,,,ophthalmology,HDX HOTOSM Egypt Health Facilities / OpenStreetMap contributors (modified 2026-05-06),29.9567648,31.2610667,,0,0
nodes:11533730367,أحمد مرسي مصطفى,أحمد مرسي مصطفى,doctor,Cairo,القاهرة,,,,oncology,HDX HOTOSM Egypt Health Facilities / OpenStreetMap contributors (modified 2026-05-06),29.9567725,31.2610578,,0,0
nodes:11533735377,أحمد مرسي مصطفى,أحمد مرسي مصطفى,doctor,Cairo,القاهرة,,,,oncology,HDX HOTOSM Egypt Health Facilities / OpenStreetMap contributors (modified 2026-05-06),29.956777,31.2611094,,0,0
nodes:11533735372,أيمن خطاب,أيمن خطاب,doctor,Cairo,القاهرة,,,,ophthalmology,HDX HOTOSM Egypt Health Facilities / OpenStreetMap contributors (modified 2026-05-06),29.9567289,31.2611051,,0,0
nodes:4358140889,ابيكس ميدلاب,ابيكس ميدلاب,doctor,Cairo,القاهرة,,,,,HDX HOTOSM Egypt Health Facilities / OpenStreetMap contributors (modified 2026-05-06),29.9936258,31.319962,,0,0
nodes:4986625321,البسط,البسط,doctor,Cairo,القاهرة,,,,,HDX HOTOSM Egypt Health Facilities / OpenStreetMap contributors (modified 2026-05-06),30.0436041,31.235055,,0,0
nodes:4598030390,الدكتورة عفاف نفسانية ومخ واعصاب,الدكتورة عفاف نفسانية ومخ واعصاب,doctor,Cairo,القاهرة,,,,,HDX HOTOSM Egypt Health Facilities / OpenStreetMap contributors (modified 2026-05-06),30.1218534,31.3173748,,0,0
nodes:6455945791,المجالس الطبية,المجالس الطبية,doctor,Cairo,القاهرة,,,,,HDX HOTOSM Egypt Health Facilities / OpenStreetMap contributors (modified 2026-05-06),30.0491882,31.317097,,0,0
nodes:11533730364,حازم بيومي السباعي,حازم بيومي السباعي,doctor,Cairo,القاهرة,,,,orthopaedics,HDX HOTOSM Egypt Health Facilities / OpenStreetMap contributors (modified 2026-05-06),29.9566932,31.2610546,,0,0
nodes:11533735369,حسن الصويني,حسن الصويني,doctor,Cairo,القاهرة,,,,oncology,HDX HOTOSM Egypt Health Facilities / OpenStreetMap contributors (modified 2026-05-06),29.9567619,31.2610807,,0,0
nodes:11533730365,حسن حسين أحمد,حسن حسين أحمد,doctor,Cairo,القاهرة,,,,orthopaedics,HDX HOTOSM Egypt Health Facilities / OpenStreetMap contributors (modified 2026-05-06),29.9566863,31.26106,,0,0
nodes:6572682177,دكتور أبو الفرج مصطفى الريس,دكتور أبو الفرج مصطفى الريس,doctor,Cairo,القاهرة,,,,neurology,HDX HOTOSM Egypt Health Facilities / OpenStreetMap contributors (modified 2026-05-06),30.0570773,31.3593619,,0,0
nodes:4718750189,دكتورة عفاف مخ واعصاب ونفسية ميدان النعام,دكتورة عفاف مخ واعصاب ونفسية ميدان النعام,doctor,Cairo,القاهرة,,,,,HDX HOTOSM Egypt Health Facilities / OpenStreetMap contributors (modified 2026-05-06),30.1215976,31.3177526,,0,0
nodes:11533735371,عاطف مبروك,عاطف مبروك,doctor,Cairo,القاهرة,,,,otolaryngology,HDX HOTOSM Egypt Health Facilities / OpenStreetMap contributors (modified 2026-05-06),29.9567381,31.2610995,,0,0
nodes:11533735370,عبد الرؤوف شلش,عبد الرؤوف شلش,doctor,Cairo,القاهرة,,,,surgery,HDX HOTOSM Egypt Health Facilities / OpenStreetMap contributors (modified 2026-05-06),29.95675,31.261092,,0,0
nodes:11533730366,عبد العزيز محمد السنجرجي,عبد العزيز محمد السنجرجي,doctor,Cairo,القاهرة,,,,orthopaedics,HDX HOTOSM Egypt Health Facilities / OpenStreetMap contributors (modified 2026-05-06),29.9567831,31.2610541,,0,0
nodes:11533730362,عصام قاسم,عصام قاسم,doctor,Cairo,القاهرة,,,,gynaecology,HDX HOTOSM Egypt Health Facilities / OpenStreetMap contributors (modified 2026-05-06),29.9567281,31.2610385,,0,0
nodes:11533735380,عماد حسين السيد,عماد حسين السيد,doctor,Cairo,القاهرة,,,,plastic_surgery,HDX HOTOSM Egypt Health Facilities / OpenStreetMap contributors (modified 2026-05-06),29.9567381,31.2611394,,0,0
nodes:11533735373,غادة جودت,غادة جودت,doctor,Cairo,القاهرة,,,,ophthalmology,HDX HOTOSM Egypt Health Facilities / OpenStreetMap contributors (modified 2026-05-06),29.9567208,31.2611113,,0,0
nodes:11533735375,محمد ساهر هاشم,محمد ساهر هاشم,doctor,Cairo,القاهرة,,,,neurology,HDX HOTOSM Egypt Health Facilities / OpenStreetMap contributors (modified 2026-05-06),29.9567921,31.2610895,,0,0
nodes:6960720685,مستشفى الابتسامة التخصصي.,مستشفى الابتسامة التخصصي.,doctor,Cairo,القاهرة,,,,,HDX HOTOSM Egypt Health Facilities / OpenStreetMap contributors (modified 2026-05-06),30.0841935,31.3322762,,0,0
nodes:11533735376,مصطفى نبيل,مصطفى نبيل,doctor,Cairo,القاهرة,,,,orthopaedics,HDX HOTOSM Egypt Health Facilities / OpenStreetMap contributors (modified 2026-05-06),29.9567835,31.2610982,,0,0
nodes:13153075591,نصر نظمي مقار,نصر نظمي مقار,doctor,Cairo,القاهرة,,,,dermatology,HDX HOTOSM Egypt Health Facilities / OpenStreetMap contributors (modified 2026-05-06),29.9589792,31.2605133,,0,0
nodes:5991676985,هشام ابو النصر,هشام ابو النصر,doctor,Cairo,القاهرة,,,,,HDX HOTOSM Egypt Health Facilities / OpenStreetMap contributors (modified 2026-05-06),30.0544628,31.2468809,,0,0
nodes:9758193129,مركز الفتح الإسلامي للأشعة,Fath Islamic Radiology Center,health_center,Cairo,القاهرة,,,,diagnostic_radiology,HDX HOTOSM Egypt Health Facilities / OpenStreetMap contributors (modified 2026-05-06),29.9634742,31.257351,,0,0
nodes:3966621670,eyecare centre,eyecare centre,health_center,Cairo,القاهرة,,,,,HDX HOTOSM Egypt Health Facilities / OpenStreetMap contributors (modified 2026-05-06),29.9636467,31.2602375,,0,0
nodes:5314819217,كايرو سكان للاشعة,كايرو سكان للاشعة,health_center,Cairo,القاهرة,,,,,HDX HOTOSM Egypt Health Facilities / OpenStreetMap contributors (modified 2026-05-06),30.117115,31.3414067,,0,0
nodes:5314820367,مجمع الأطباء,مجمع الأطباء,health_center,Cairo,القاهرة,,,,,HDX HOTOSM Egypt Health Facilities / OpenStreetMap contributors (modified 2026-05-06),30.1068764,31.3349529,,0,0
nodes:3966622822,مركز العاصمة لطب وجراحة العيون,مركز العاصمة لطب وجراحة العيون,health_center,Cairo,القاهرة,,,,,HDX HOTOSM Egypt Health Facilities / OpenStreetMap contributors (modified 2026-05-06),30.0689552,31.3558459,,0,0
nodes:3966621669,مركز النيل لجراحات العيون والليزك,مركز النيل لجراحات العيون والليزك,health_center,Cairo,القاهرة,,,,,HDX HOTOSM Egypt Health Facilities / OpenStreetMap contributors (modified 2026-05-06),29.8476814,31.3300996,,0,0
nodes:3966621668,مركز حلوان للعيون,مركز حلوان للعيون,health_center,Cairo,القاهرة,,,,,HDX HOTOSM Egypt Health Facilities / OpenStreetMap contributors (modified 2026-05-06),29.8496642,31.3322813,,0,0
nodes:3966621292,مركز رؤية شبرا للعيون والليزك,مركز رؤية شبرا للعيون والليزك,health_center,Cairo,القاهرة,,,,,HDX HOTOSM Egypt Health Facilities / OpenStreetMap contributors (modified 2026-05-06),30.1032997,31.245812,,0,0
nodes:3966621671,مركز عيون لجراحات العيون والليزك;مركز عيون النيل,مركز عيون لجراحات العيون والليزك;مركز عيون النيل,health_center,Cairo,القاهرة,,,,,HDX HOTOSM Egypt Health Facilities / OpenStreetMap contributors (modified 2026-05-06),30.0985465,31.2440885,,0,0
nodes:3966622218,مستشفي هليوبوليس لتشخيص العيون,مستشفي هليوبوليس لتشخيص العيون,health_center,Cairo,القاهرة,,,,,HDX HOTOSM Egypt Health Facilities / OpenStreetMap contributors (modified 2026-05-06),30.0905312,31.313484,,0,0
nodes:11524816558,منير نصيف,Mounir Nassif,healthcare_facility,Cairo,القاهرة,,,,,HDX HOTOSM Egypt Health Facilities / OpenStreetMap contributors (modified 2026-05-06),29.95654,31.2608245,,0,0
nodes:13577674401,Sia clinic,Sia clinic,healthcare_facility,Cairo,القاهرة,,,,,HDX HOTOSM Egypt Health Facilities / OpenStreetMap contributors (modified 2026-05-06),30.0906038,31.328312,,0,0
nodes:11533730363,مركز الماهي للعلاج الطبيعي,مركز الماهي للعلاج الطبيعي,healthcare_facility,Cairo,القاهرة,,,,,HDX HOTOSM Egypt Health Facilities / OpenStreetMap contributors (modified 2026-05-06),29.9567095,31.2610546,,0,0
nodes:9822436733,مركز د رقية علي زين العابدين محمد,مركز د رقية علي زين العابدين محمد,healthcare_facility,Cairo,القاهرة,,,,,HDX HOTOSM Egypt Health Facilities / OpenStreetMap contributors (modified 2026-05-06),29.9650824,31.260732,,0,0
nodes:5314819476,معمل المختبر,معمل المختبر,healthcare_facility,Cairo,القاهرة,,,,,HDX HOTOSM Egypt Health Facilities / OpenStreetMap contributors (modified 2026-05-06),30.1068555,31.3349221,,0,0
nodes:11278273768,عيادات شارع 9,9th Street Clinic,hospital,Cairo,القاهرة,,,,general;ophthalmology;dentist;dermatology;osteopathy;physiotherapy,HDX HOTOSM Egypt Health Facilities / OpenStreetMap contributors (modified 2026-05-06),30.0116999,31.3031698,,0,0
nodes:12895489801,مستشفى عبدالقادر فهمي,Abd Al-Kader Fahmy hospital,hospital,Cairo,القاهرة,,,,,HDX HOTOSM Egypt Health Facilities / OpenStreetMap contributors (modified 2026-05-06),30.0784848,31.3444783,,0,0
nodes:6795952385,مستشفى الرحمة التخصصي,Al Rahma specialized Hospital,hospital,Cairo,القاهرة,,,,,HDX HOTOSM Egypt Health Facilities / OpenStreetMap contributors (modified 2026-05-06),30.0983618,31.3312422,,0,0
nodes:3395906136,مركز الطبيب,Al Tabib Centre,hospital,Cairo,القاهرة,,,,,HDX HOTOSM Egypt Health Facilities / OpenStreetMap contributors (modified 2026-05-06),30.0039967,31.4224834,,0,0
nodes:2268006756,مستشفى الحق,Al-Haqq Hospital,hospital,Cairo,القاهرة,,,,,HDX HOTOSM Egypt Health Facilities / OpenStreetMap contributors (modified 2026-05-06),30.1333088,31.3139962,,0,0
nodes:663080305,مستشفى المقطم,Al-Muqattam Hospital,hospital,Cairo,القاهرة,,,,,HDX HOTOSM Egypt Health Facilities / OpenStreetMap contributors (modified 2026-05-06),30.0209068,31.2431749,,0,0
nodes:2268006755,مستشفى النور المحمدى,Al-Nour Al-Mohammady Hospital,hospital,Cairo,القاهرة,,,,,HDX HOTOSM Egypt Health Facilities / OpenStreetMap contributors (modified 2026-05-06),30.1269386,31.3077521,,0,0
nodes:452376256,النزهة الدولي,Al-Nozha Al-Dawly,hospital,Cairo,القاهرة,القاهرة,,,,HDX HOTOSM Egypt Health Facilities / OpenStreetMap contributors (modified 2026-05-06),30.1058829,31.3661322,,0,0
nodes:411676470,مستشفى القوات الجوية,Al-Quwat Al-Gaweya Hospital,hospital,Cairo,القاهرة,,,,,HDX HOTOSM Egypt Health Facilities / OpenStreetMap contributors (modified 2026-05-06),30.0624158,31.2738254,,0,0
nodes:12205946883,معمل ألفا,Alfa Labs,hospital,Cairo,القاهرة,,,,general;blood_check,HDX HOTOSM Egypt Health Facilities / OpenStreetMap contributors (modified 2026-05-06),30.1515997,31.6267945,,0,0
nodes:475367904,مستشفى الفتح الإسلامي,Alfath Islamic Hospital,hospital,Cairo,القاهرة,,,,,HDX HOTOSM Egypt Health Facilities / OpenStreetMap contributors (modified 2026-05-06),29.9660774,31.2542684,,0,0
nodes:4548173996,مستشفي اطفال مصر- التأمين الصحي,All Egypt Children Hospital,hospital,Cairo,القاهرة,,,,,HDX HOTOSM Egypt Health Facilities / OpenStreetMap contributors (modified 2026-05-06),30.0292907,31.2349472,,0,0
nodes:9697106717,مستشفى الصفوة,Alsafwa Hospital,hospital,Cairo,القاهرة,,,,,HDX HOTOSM Egypt Health Facilities / OpenStreetMap contributors (modified 2026-05-06),30.0926606,31.2459649,,0,0
nodes:4328094091,مستشفي التقوي,Altaqwa hospital,hospital,Cairo,القاهرة,,,,,HDX HOTOSM Egypt Health Facilities / OpenStreetMap contributors (modified 2026-05-06),29.8166988,31.360749,,0,0
nodes:6176570230,المستشفى الأمريكى,American Hospotal,hospital,Cairo,القاهرة,,,,,HDX HOTOSM Egypt Health Facilities / OpenStreetMap contributors (modified 2026-05-06),30.1033833,31.3779264,,0,0
nodes:6970489318,Bright dental center,Bright dental center,hospital,Cairo,القاهرة,حي عين شمس,,,dentist,HDX HOTOSM Egypt Health Facilities / OpenStreetMap contributors (modified 2026-05-06),30.1292933,31.3207353,,0,0
nodes:411895460,مستشفى القاهرة التخصصي,Cairo Specialized Hospital,hospital,Cairo,القاهرة,,,,,HDX HOTOSM Egypt Health Facilities / OpenStreetMap contributors (modified 2026-05-06),30.0945129,31.317617,,0,0
nodes:414554419,دار المقطم,Dar Al-Moqattam,hospital,Cairo,القاهرة,,,,,HDX HOTOSM Egypt Health Facilities / OpenStreetMap contributors (modified 2026-05-06),30.0112377,31.2854199,,0,0
nodes:8496848667,مستشفى دكتور عادل صادق لعلاج الامراض النفسية و الإدمان,Doctor Adel Sadek Hospital for the treatment of mental illnesses and addictions,hospital,Cairo,القاهرة,,,,,HDX HOTOSM Egypt Health Facilities / OpenStreetMap contributors (modified 2026-05-06),30.1218731,31.3664536,,0,0
nodes:5105686233,صيدلية دكتور عبد اللطيف,Dr. Abd el lateef farmecy,hospital,Cairo,القاهرة,,,,,HDX HOTOSM Egypt Health Facilities / OpenStreetMap contributors (modified 2026-05-06),30.1244776,31.2974113,,0,0
nodes:9750285595,Dr. Hani Allawy Clinic,Dr. Hani Allawy Clinic,hospital,Cairo,القاهرة,"Future City, Cairo",,,obstetrics;gynaecology;fertility,HDX HOTOSM Egypt Health Facilities / OpenStreetMap contributors (modified 2026-05-06),30.1636403,31.5533044,,0,0
nodes:10280525304,مركز الدرة التخصصي للعيون,Durrah Eye Center,hospital,Cairo,القاهرة,,,,,HDX HOTOSM Egypt Health Facilities / OpenStreetMap contributors (modified 2026-05-06),30.0807161,31.332632,,0,0
nodes:741702670,مستشفى مصر للطيران,Egypt Air Hospital,hospital,Cairo,القاهرة,,,,,HDX HOTOSM Egypt Health Facilities / OpenStreetMap contributors (modified 2026-05-06),30.091848,31.3489159,,0,0
nodes:6586989894,مستشفى البتول,El Batol Hospital,hospital,Cairo,القاهرة,,,,,HDX HOTOSM Egypt Health Facilities / OpenStreetMap contributors (modified 2026-05-06),30.0947545,31.2490967,,0,0
nodes:443368255,مركز الإيمان الطبي,El Eman Medical Center,hospital,Cairo,القاهرة,,,,,HDX HOTOSM Egypt Health Facilities / OpenStreetMap contributors (modified 2026-05-06),30.0642054,31.3455818,,0,0
nodes:678457937,مستشفى الميرغنى,El Merghany hospital,hospital,Cairo,القاهرة,,,,,HDX HOTOSM Egypt Health Facilities / OpenStreetMap contributors (modified 2026-05-06),30.0815072,31.3317412,,0,0
nodes:6595817693,El Nakhel Hospital,El Nakhel Hospital,hospital,Cairo,القاهرة,,,,,HDX HOTOSM Egypt Health Facilities / OpenStreetMap contributors (modified 2026-05-06),29.9734067,31.2817941,,0,0
nodes:4643156891,مستشفي الحلمية العسكري,El helmya hospital,hospital,Cairo,القاهرة,,,,,HDX HOTOSM Egypt Health Facilities / OpenStreetMap contributors (modified 2026-05-06),30.1130399,31.3181568,,0,0
nodes:653596105,مستشفي النصر,El nasr,hospital,Cairo,القاهرة,,,,,HDX HOTOSM Egypt Health Facilities / OpenStreetMap contributors (modified 2026-05-06),29.8399443,31.3229757,,0,0
nodes:4914746727,مستشفي الفتح الخلفاوي,Elfath hospital elkhalafawi,hospital,Cairo,القاهرة,,,,,HDX HOTOSM Egypt Health Facilities / OpenStreetMap contributors (modified 2026-05-06),30.0983691,31.2492731,,0,0
nodes:6743975794,Elsalam Hospital مستشفى السلام,Elsalam Hospital مستشفى السلام,hospital,Cairo,القاهرة,cairo,,,general,HDX HOTOSM Egypt Health Facilities / OpenStreetMap contributors (modified 2026-05-06),30.127331,31.3274532,,0,0
nodes:5147555621,مستشفى المستقبل التخصصي,Future Specialist Hospital,hospital,Cairo,القاهرة,,,,,HDX HOTOSM Egypt Health Facilities / OpenStreetMap contributors (modified 2026-05-06),30.0991342,31.3453964,,0,0
nodes:2621106542,مستشفى جوهار,Gohar Hospital,hospital,Cairo,القاهرة,,,,,HDX HOTOSM Egypt Health Facilities / OpenStreetMap contributors (modified 2026-05-06),30.1459715,31.3955566,,0,0
nodes:5383244422,Golf Memorial Hospital,Golf Memorial Hospital,hospital,Cairo,القاهرة,,,,,HDX HOTOSM Egypt Health Facilities / OpenStreetMap contributors (modified 2026-05-06),30.0790241,31.3372837,,0,0
nodes:5817986010,مستشفى,Hospital,hospital,Cairo,القاهرة,,,,,HDX HOTOSM Egypt Health Facilities / OpenStreetMap contributors (modified 2026-05-06),30.0147462,31.4181409,,0,0
nodes:9764636806,مستشفي جمال الدين الافغاني,Jamal Al Din Afghani Hospital,hospital,Cairo,القاهرة,,,,,HDX HOTOSM Egypt Health Facilities / OpenStreetMap contributors (modified 2026-05-06),30.0965609,31.3284172,,0,0
nodes:665450260,مستشفى كوبري القبة العسكري,Kobry Alkoba Military Hospital,hospital,Cairo,القاهرة,,,,,HDX HOTOSM Egypt Health Facilities / OpenStreetMap contributors (modified 2026-05-06),30.0846029,31.2973393,,0,0
nodes:4587257690,مستشفى المعادى ق.م,Maadi Hosp. A.F,hospital,Cairo,القاهرة,,,,,HDX HOTOSM Egypt Health Facilities / OpenStreetMap contributors (modified 2026-05-06),29.9674551,31.24174,,0,0
nodes:11257108018,مستشفى حسام شلبي للولادة,Maadi Maternity Hospital (Hossam Shalaby),hospital,Cairo,القاهرة,,,,,HDX HOTOSM Egypt Health Facilities / OpenStreetMap contributors (modified 2026-05-06),29.9611824,31.2631753,,0,0
nodes:5475557322,مغربي للعيون,Magrabi Eye Hospital,hospital,Cairo,القاهرة,,,,ophthalmology,HDX HOTOSM Egypt Health Facilities / OpenStreetMap contributors (modified 2026-05-06),30.0232965,31.2513977,,0,0
nodes:4302150189,مستشفى منشية البكرى العام,Manshiet El Bakry General Hospital,hospital,Cairo,القاهرة,,,,,HDX HOTOSM Egypt Health Facilities / OpenStreetMap contributors (modified 2026-05-06),30.0917446,31.3065805,,0,0
nodes:3949929966,Nasr el Islam Hosiptal,Nasr el Islam Hosiptal,hospital,Cairo,القاهرة,,,,,HDX HOTOSM Egypt Health Facilities / OpenStreetMap contributors (modified 2026-05-06),30.088695,31.2538297,,0,0
nodes:6500318660,One Day Surgeries Hospital,One Day Surgeries Hospital,hospital,Cairo,القاهرة,,,,surgery;general,HDX HOTOSM Egypt Health Facilities / OpenStreetMap contributors (modified 2026-05-06),30.0874718,31.2731182,,0,0
nodes:11366207025,Pearl Hospitals,Pearl Hospitals,hospital,Cairo,القاهرة,cairo,,,general,HDX HOTOSM Egypt Health Facilities / OpenStreetMap contributors (modified 2026-05-06),29.9740094,31.3334192,,0,0
nodes:4924166623,مستشفي بتروجاس,Petrogas Hispital,hospital,Cairo,القاهرة,,,,,HDX HOTOSM Egypt Health Facilities / OpenStreetMap contributors (modified 2026-05-06),30.1046866,31.3334341,,0,0
nodes:4927950621,مستشفي بتروجاس - قطاع البترول,Petrogas Hospital - Petrol Section,hospital,Cairo,القاهرة,,,,,HDX HOTOSM Egypt Health Facilities / OpenStreetMap contributors (modified 2026-05-06),30.103598,31.3311765,,0,0
nodes:4362086147,مستشفى العاملين بقطاع البترول,Petroleum Hospital,hospital,Cairo,القاهرة,,,,,HDX HOTOSM Egypt Health Facilities / OpenStreetMap contributors (modified 2026-05-06),30.0646977,31.3465042,,0,0
nodes:7635900880,Pharmancy,Pharmancy,hospital,Cairo,القاهرة,,,,,HDX HOTOSM Egypt Health Facilities / OpenStreetMap contributors (modified 2026-05-06),29.9811655,31.315031,,0,0
nodes:9850700146,مستشفي سانت ريتا,Sant Rita Hospital,hospital,Cairo,القاهرة,,,,,HDX HOTOSM Egypt Health Facilities / OpenStreetMap contributors (modified 2026-05-06),30.0940053,31.327129,,0,0
nodes:4557847093,مستشفى شاكر,Shaker Hospital,hospital,Cairo,القاهرة,,,,,HDX HOTOSM Egypt Health Facilities / OpenStreetMap contributors (modified 2026-05-06),30.0941921,31.3352883,,0,0
nodes:662158924,مستشفى طلبة البؤث,Talabat Al-Boouth Hospital,hospital,Cairo,القاهرة,,,,,HDX HOTOSM Egypt Health Facilities / OpenStreetMap contributors (modified 2026-05-06),30.0579734,31.2771374,,0,0
nodes:1438270139,منظمه الصحه العالمية,World Health Organisation,hospital,Cairo,القاهرة,,,,,HDX HOTOSM Egypt Health Facilities / OpenStreetMap contributors (modified 2026-05-06),30.0637093,31.3473432,,0,0
nodes:5122232721,مستشفى الكبد د يس عبد الغفار الخيرية,Yassin Abdulghaffar Hepatology Center,hospital,Cairo,القاهرة,,,,,HDX HOTOSM Egypt Health Facilities / OpenStreetMap contributors (modified 2026-05-06),30.0648509,31.346945,,0,0
nodes:5140221524,مستشفى الريان,alRayan Hospital,hospital,Cairo,القاهرة,,,,,HDX HOTOSM Egypt Health Facilities / OpenStreetMap contributors (modified 2026-05-06),29.967548,31.264262,,0,0
nodes:6092176485,مستشفى جراحات اليوم الواحد بالمعادي الجديدة,one day surgries hospital,hospital,Cairo,القاهرة,,,,,HDX HOTOSM Egypt Health Facilities / OpenStreetMap contributors (modified 2026-05-06),29.9876238,31.2772995,,0,0
nodes:4615939994,المركز الطبي ٢,المركز الطبي ٢,hospital,Cairo,القاهرة,,,,,HDX HOTOSM Egypt Health Facilities / OpenStreetMap contributors (modified 2026-05-06),30.0593917,31.491809,,0,0
nodes:5314820424,المشرق للعيون,المشرق للعيون,hospital,Cairo,القاهرة,,,,,HDX HOTOSM Egypt Health Facilities / OpenStreetMap contributors (modified 2026-05-06),30.0850693,31.3309778,,0,0
nodes:5134666024,ايجيكير,ايجيكير,hospital,Cairo,القاهرة,,,,,HDX HOTOSM Egypt Health Facilities / OpenStreetMap contributors (modified 2026-05-06),30.0597161,31.3603878,,0,0
nodes:5628663421,برج الأطباء,برج الأطباء,hospital,Cairo,القاهرة,,,,,HDX HOTOSM Egypt Health Facilities / OpenStreetMap contributors (modified 2026-05-06),30.0905778,31.3079294,,0,0
nodes:11498990369,صيدليه ضحي,صيدليه ضحي,hospital,Cairo,القاهرة,,,,,HDX HOTOSM Egypt Health Facilities / OpenStreetMap contributors (modified 2026-05-06),29.8817535,31.3081906,,0,0
nodes:12952409495,عيادة أمراض الدم,عيادة أمراض الدم,hospital,Cairo,القاهرة,,,,haematology,HDX HOTOSM Egypt Health Facilities / OpenStreetMap contributors (modified 2026-05-06),30.0323652,31.2284404,,0,0
nodes:12952409490,عيادة الباطنة و القلب و المتوطنة,عيادة الباطنة و القلب و المتوطنة,hospital,Cairo,القاهرة,,,,internal,HDX HOTOSM Egypt Health Facilities / OpenStreetMap contributors (modified 2026-05-06),30.0317355,31.2280885,,0,0
nodes:12952212934,عيادة الباطنة و عيادة جراحة مخ و اعصاب,عيادة الباطنة و عيادة جراحة مخ و اعصاب,hospital,Cairo,القاهرة,,,,internal,HDX HOTOSM Egypt Health Facilities / OpenStreetMap contributors (modified 2026-05-06),30.0319308,31.2281655,,0,0
nodes:12952212932,عيادة الجراحة,عيادة الجراحة,hospital,Cairo,القاهرة,,,,surgery,HDX HOTOSM Egypt Health Facilities / OpenStreetMap contributors (modified 2026-05-06),30.0318111,31.2284692,,0,0
nodes:12952212933,عيادة الجراحة,عيادة الجراحة,hospital,Cairo,القاهرة,,,,surgery,HDX HOTOSM Egypt Health Facilities / OpenStreetMap contributors (modified 2026-05-06),30.0318742,31.2282933,,0,0
nodes:12952190990,عيادة الجلدية,عيادة الجلدية,hospital,Cairo,القاهرة,,,,dermatology,HDX HOTOSM Egypt Health Facilities / OpenStreetMap contributors (modified 2026-05-06),30.0317811,31.2285843,,0,0
nodes:12952190988,عيادة الذكورة,عيادة الذكورة,hospital,Cairo,القاهرة,,,,andrology,HDX HOTOSM Egypt Health Facilities / OpenStreetMap contributors (modified 2026-05-06),30.0316047,31.2284755,,0,0
nodes:12952190992,عيادة الرمد,عيادة الرمد,hospital,Cairo,القاهرة,,,,ophthalmology,HDX HOTOSM Egypt Health Facilities / OpenStreetMap contributors (modified 2026-05-06),30.0319818,31.2286432,,0,0
nodes:12952409491,عيادة الروماتزم,عيادة الروماتزم,hospital,Cairo,القاهرة,,,,rheumatology,HDX HOTOSM Egypt Health Facilities / OpenStreetMap contributors (modified 2026-05-06),30.0318302,31.2277924,,0,0
nodes:12952190991,عيادة السكر و عيادة الغدد و عيادة السمنة و التغذية,عيادة السكر و عيادة الغدد و عيادة السمنة و التغذية,hospital,Cairo,القاهرة,,,,diabetology,HDX HOTOSM Egypt Health Facilities / OpenStreetMap contributors (modified 2026-05-06),30.0320338,31.2290907,,0,0
nodes:12952409494,عيادة السمعيات,عيادة السمعيات,hospital,Cairo,القاهرة,,,,audiology,HDX HOTOSM Egypt Health Facilities / OpenStreetMap contributors (modified 2026-05-06),30.0316704,31.2282452,,0,0
nodes:12952409489,عيادة العظام,عيادة العظام,hospital,Cairo,القاهرة,,,,orthopaedics,HDX HOTOSM Egypt Health Facilities / OpenStreetMap contributors (modified 2026-05-06),30.0320253,31.227904,,0,0
nodes:12952409493,عيادة العلاج الطبيعى,عيادة العلاج الطبيعى,hospital,Cairo,القاهرة,,,,physiotherapy,HDX HOTOSM Egypt Health Facilities / OpenStreetMap contributors (modified 2026-05-06),30.0322389,31.2280005,,0,0
nodes:12952190989,عيادة العلاج الطبيغى,عيادة العلاج الطبيغى,hospital,Cairo,القاهرة,,,,physiotherapy,HDX HOTOSM Egypt Health Facilities / OpenStreetMap contributors (modified 2026-05-06),30.0317477,31.228866,,0,0
nodes:12952409496,ليزر الجلدية,ليزر الجلدية,hospital,Cairo,القاهرة,,,,dermatology_laser,HDX HOTOSM Egypt Health Facilities / OpenStreetMap contributors (modified 2026-05-06),30.032434,31.2282301,,0,0
nodes:12952435106,ليزر الرمد,ليزر الرمد,hospital,Cairo,القاهرة,,,,ophthalmology_laser,HDX HOTOSM Egypt Health Facilities / OpenStreetMap contributors (modified 2026-05-06),30.0315237,31.2286979,,0,0
nodes:12952440615,مبنى بنك الدم و عيادة طب الأسرة,مبنى بنك الدم و عيادة طب الأسرة,hospital,Cairo,القاهرة,,,,family_medicine,HDX HOTOSM Egypt Health Facilities / OpenStreetMap contributors (modified 2026-05-06),30.0314661,31.2291979,,0,0
nodes:3966621673,مجلس طبي وزارة الطيران المدنى,مجلس طبي وزارة الطيران المدنى,hospital,Cairo,القاهرة,,,,,HDX HOTOSM Egypt Health Facilities / OpenStreetMap contributors (modified 2026-05-06),30.1183131,31.3887808,,0,0
nodes:5417944724,مركز 73 متر,مركز 73 متر,hospital,Cairo,القاهرة,,,,,HDX HOTOSM Egypt Health Facilities / OpenStreetMap contributors (modified 2026-05-06),30.149718,31.6579092,,0,0
nodes:5314820724,مركز الدكتور محمد حامد للعيون,مركز الدكتور محمد حامد للعيون,hospital,Cairo,القاهرة,,,,,HDX HOTOSM Egypt Health Facilities / OpenStreetMap contributors (modified 2026-05-06),30.1026758,31.3266103,,0,0
nodes:5134665947,مركز طبي الحى الثامن,مركز طبي الحى الثامن,hospital,Cairo,القاهرة,,,,,HDX HOTOSM Egypt Health Facilities / OpenStreetMap contributors (modified 2026-05-06),30.0561602,31.35774,,0,0
nodes:5134666532,مركز طبي الحى الثامن,مركز طبي الحى الثامن,hospital,Cairo,القاهرة,,,,,HDX HOTOSM Egypt Health Facilities / OpenStreetMap contributors (modified 2026-05-06),30.0553351,31.3576391,,0,0
nodes:12887250139,مركز طبي النزهة الجديدة,مركز طبي النزهة الجديدة,hospital,Cairo,القاهرة,,,,,HDX HOTOSM Egypt Health Facilities / OpenStreetMap contributors (modified 2026-05-06),30.1219136,31.3721061,,0,0
nodes:4733980424,مركز طبي مساكن شيراتون,مركز طبي مساكن شيراتون,hospital,Cairo,القاهرة,,,,,HDX HOTOSM Egypt Health Facilities / OpenStreetMap contributors (modified 2026-05-06),30.0930561,31.3826141,,0,0
nodes:13135892861,مستشفى أمان,مستشفى أمان,hospital,Cairo,القاهرة,,,,,HDX HOTOSM Egypt Health Facilities / OpenStreetMap contributors (modified 2026-05-06),29.8511443,31.3365605,,0,0
nodes:5350940121,مستشفى البنك الاهلي,مستشفى البنك الاهلي,hospital,Cairo,القاهرة,,,,,HDX HOTOSM Egypt Health Facilities / OpenStreetMap contributors (modified 2026-05-06),29.9825257,31.345959,,0,0
nodes:13327722417,مستشفى الجارم,مستشفى الجارم,hospital,Cairo,القاهرة,,,,,HDX HOTOSM Egypt Health Facilities / OpenStreetMap contributors (modified 2026-05-06),29.95673,31.2531683,,0,0
nodes:9974961422,مستشفى الحلميه العسكرى,مستشفى الحلميه العسكرى,hospital,Cairo,القاهرة,,,,,HDX HOTOSM Egypt Health Facilities / OpenStreetMap contributors (modified 2026-05-06),30.1139213,31.3182019,,0,0
nodes:8411329877,مستشفى الحياة التخصصى,مستشفى الحياة التخصصى,hospital,Cairo,القاهرة,,,,,HDX HOTOSM Egypt Health Facilities / OpenStreetMap contributors (modified 2026-05-06),30.0883955,31.2990484,,0,0
nodes:11027293553,مستشفى عين الحياة,مستشفى عين الحياة,hospital,Cairo,القاهرة,,,,,HDX HOTOSM Egypt Health Facilities / OpenStreetMap contributors (modified 2026-05-06),30.1223025,31.3724291,,0,0
nodes:3157884695,مستشفي الدعاة,مستشفي الدعاة,hospital,Cairo,القاهرة,,,,,HDX HOTOSM Egypt Health Facilities / OpenStreetMap contributors (modified 2026-05-06),30.1042297,31.338523,,0,0
nodes:3966621667,مستشفي الهلال الأحمر المصري,مستشفي الهلال الأحمر المصري,hospital,Cairo,القاهرة,,,,,HDX HOTOSM Egypt Health Facilities / OpenStreetMap contributors (modified 2026-05-06),29.8599171,31.3213395,,0,0
nodes:10310788409,مستشفي بدر الجامعي - جامعة حلوان,مستشفي بدر الجامعي - جامعة حلوان,hospital,Cairo,القاهرة,,,,,HDX HOTOSM Egypt Health Facilities / OpenStreetMap contributors (modified 2026-05-06),30.1451471,31.7233948,,0,0
nodes:4561090493,مستشفي جمال ابو العزايم,مستشفي جمال ابو العزايم,hospital,Cairo,القاهرة,,,,,HDX HOTOSM Egypt Health Facilities / OpenStreetMap contributors (modified 2026-05-06),30.0559906,31.330529,,0,0
nodes:12952212926,مسجد كلية الطب,مسجد كلية الطب,hospital,Cairo,القاهرة,,,,mosque,HDX HOTOSM Egypt Health Facilities / OpenStreetMap contributors (modified 2026-05-06),30.0311244,31.2291704,,0,0
nodes:10130975340,معامل البرج,Al Borg Labs,laboratory,Cairo,القاهرة,,,,,HDX HOTOSM Egypt Health Facilities / OpenStreetMap contributors (modified 2026-05-06),30.0650168,31.221662,,0,0
nodes:12050900845,معامل ألفا,Alfa Lab,laboratory,Cairo,القاهرة,,,,,HDX HOTOSM Egypt Health Facilities / OpenStreetMap contributors (modified 2026-05-06),29.9568939,31.2609306,,0,0
nodes:11215391509,معمل ألفا,Alfa Labs,laboratory,Cairo,القاهرة,,,,,HDX HOTOSM Egypt Health Facilities / OpenStreetMap contributors (modified 2026-05-06),29.9570805,31.2607365,,0,0
nodes:6574884374,يورلاب,yourlab,laboratory,Cairo,القاهرة,,,,general;medical_analysis,HDX HOTOSM Egypt Health Facilities / OpenStreetMap contributors (modified 2026-05-06),30.0439357,31.3718489,,0,0
nodes:13114600953,المختبر,المختبر,laboratory,Cairo,القاهرة,,,,,HDX HOTOSM Egypt Health Facilities / OpenStreetMap contributors (modified 2026-05-06),30.0294057,31.2327949,,0,0
nodes:11533730361,معامل الأنصاري,معامل الأنصاري,laboratory,Cairo,القاهرة,,,,,HDX HOTOSM Egypt Health Facilities / OpenStreetMap contributors (modified 2026-05-06),29.9567444,31.2610224,,0,0
nodes:4720774490,صيدلية عبدالمالك,Abd Elmalek pharmacy,pharmacy,Cairo,القاهرة,,,,,HDX HOTOSM Egypt Health Facilities / OpenStreetMap contributors (modified 2026-05-06),30.1166297,31.3541094,,0,0
nodes:1373306822,عبد الخالق,Abdel-Khaiek,pharmacy,Cairo,القاهرة,,,,,HDX HOTOSM Egypt Health Facilities / OpenStreetMap contributors (modified 2026-05-06),30.0843952,31.3302307,,0,0
nodes:442338268,صيدلية أفريقيا,Africia,pharmacy,Cairo,القاهرة,,,,,HDX HOTOSM Egypt Health Facilities / OpenStreetMap contributors (modified 2026-05-06),30.0601493,31.3457957,,0,0
nodes:3220051546,Al Azaby,Al Azaby,pharmacy,Cairo,القاهرة,,,,,HDX HOTOSM Egypt Health Facilities / OpenStreetMap contributors (modified 2026-05-06),30.0472273,31.2385883,,0,0
nodes:5249514970,صيدلية الحضري,Al Hadary Pharmacy,pharmacy,Cairo,القاهرة,,,,,HDX HOTOSM Egypt Health Facilities / OpenStreetMap contributors (modified 2026-05-06),30.0195539,31.4207832,,0,0
nodes:454604801,العزبي,Al-Ezaby,pharmacy,Cairo,القاهرة,,,,,HDX HOTOSM Egypt Health Facilities / OpenStreetMap contributors (modified 2026-05-06),30.0837719,31.3283125,,0,0
nodes:1788243932,Al-Hussein,Al-Hussein,pharmacy,Cairo,القاهرة,,,,,HDX HOTOSM Egypt Health Facilities / OpenStreetMap contributors (modified 2026-05-06),29.97782,31.3129627,,0,0
nodes:411896414,Al-Isaaf,Al-Isaaf,pharmacy,Cairo,القاهرة,,,,,HDX HOTOSM Egypt Health Facilities / OpenStreetMap contributors (modified 2026-05-06),30.0870317,31.30561,,0,0
nodes:11335566989,صيدلية المروة,Al-Marwa Pharmacy,pharmacy,Cairo,القاهرة,,,,,HDX HOTOSM Egypt Health Facilities / OpenStreetMap contributors (modified 2026-05-06),30.0787238,31.3268291,,0,0
nodes:969756331,صيدلية القدس,Al-Quds pharmacy,pharmacy,Cairo,القاهرة,,,,,HDX HOTOSM Egypt Health Facilities / OpenStreetMap contributors (modified 2026-05-06),30.0850413,31.3386366,,0,0
nodes:2621108230,صيدلية الصبري,Al-Sabry,pharmacy,Cairo,القاهرة,,,,,HDX HOTOSM Egypt Health Facilities / OpenStreetMap contributors (modified 2026-05-06),30.1470252,31.3951465,,0,0
nodes:10280542701,صيدلية الصفا,Al-Safa pharmacy,pharmacy,Cairo,القاهرة,,,,,HDX HOTOSM Egypt Health Facilities / OpenStreetMap contributors (modified 2026-05-06),30.0827646,31.3374807,,0,0
nodes:1057833208,الزهور,Al-Zohoor,pharmacy,Cairo,القاهرة,,,,,HDX HOTOSM Egypt Health Facilities / OpenStreetMap contributors (modified 2026-05-06),30.0478822,31.3401368,,0,0
nodes:2195596898,Alaa Pharmacy,Alaa Pharmacy,pharmacy,Cairo,القاهرة,,,,,HDX HOTOSM Egypt Health Facilities / OpenStreetMap contributors (modified 2026-05-06),29.9539976,31.2674683,,0,0
nodes:9554663127,صيدلية الاسكندرية,Alexandria Pharmacy,pharmacy,Cairo,القاهرة,,,,,HDX HOTOSM Egypt Health Facilities / OpenStreetMap contributors (modified 2026-05-06),30.0999477,31.3168234,,0,0
nodes:6724838185,صيدلية د. أميرة غرابة,Amira Ghoraba Pharmacy,pharmacy,Cairo,القاهرة,,,,,HDX HOTOSM Egypt Health Facilities / OpenStreetMap contributors (modified 2026-05-06),30.0766046,31.6577038,,0,0
nodes:1701365902,صيدلية دكتور سامح,Ashraf & Sameh,pharmacy,Cairo,القاهرة,,,,,HDX HOTOSM Egypt Health Facilities / OpenStreetMap contributors (modified 2026-05-06),30.0908795,31.3111839,,0,0
nodes:5628663621,اشرف,Ashraf pharmacy,pharmacy,Cairo,القاهرة,,,,,HDX HOTOSM Egypt Health Facilities / OpenStreetMap contributors (modified 2026-05-06),30.0883848,31.3073696,,0,0
nodes:8412840917,صيدليه بكرى,Bakry,pharmacy,Cairo,القاهرة,,,,,HDX HOTOSM Egypt Health Facilities / OpenStreetMap contributors (modified 2026-05-06),29.9829014,31.4411119,,0,0
nodes:2195491969,Balbaa,Balbaa,pharmacy,Cairo,القاهرة,,,,,HDX HOTOSM Egypt Health Facilities / OpenStreetMap contributors (modified 2026-05-06),29.9512098,31.2684505,,0,0
nodes:2228665939,Bassiouni,Bassiouni,pharmacy,Cairo,القاهرة,,,,,HDX HOTOSM Egypt Health Facilities / OpenStreetMap contributors (modified 2026-05-06),29.9836352,31.3197657,,0,0
nodes:961963619,صيدلية كير,Care pharmacy,pharmacy,Cairo,القاهرة,,,,,HDX HOTOSM Egypt Health Facilities / OpenStreetMap contributors (modified 2026-05-06),30.0959466,31.3420587,,0,0
nodes:5860416044,Crystal pharmacy,Crystal pharmacy,pharmacy,Cairo,القاهرة,,,,,HDX HOTOSM Egypt Health Facilities / OpenStreetMap contributors (modified 2026-05-06),30.0941188,31.3309487,,0,0
nodes:436151633,دواء,Dawaa,pharmacy,Cairo,القاهرة,,,,,HDX HOTOSM Egypt Health Facilities / OpenStreetMap contributors (modified 2026-05-06),30.0633822,31.3428404,,0,0
nodes:13177651606,Dr George Anwar ferig,Dr George Anwar ferig,pharmacy,Cairo,القاهرة,,,,,HDX HOTOSM Egypt Health Facilities / OpenStreetMap contributors (modified 2026-05-06),30.0466929,31.2467434,,0,0
nodes:11416928805,صيدلية الدكتور رأفت,Dr Rafaat Pharmacy,pharmacy,Cairo,القاهرة,,,,,HDX HOTOSM Egypt Health Facilities / OpenStreetMap contributors (modified 2026-05-06),29.9582424,31.258063,,0,0
nodes:5860415671,Dr. Dina Safwat,Dr. Dina Safwat,pharmacy,Cairo,القاهرة,,,,,HDX HOTOSM Egypt Health Facilities / OpenStreetMap contributors (modified 2026-05-06),30.0891676,31.3372093,,0,0
nodes:963411764,دكتور سارة طلعت,Dr. Sara Talat,pharmacy,Cairo,القاهرة,,,,,HDX HOTOSM Egypt Health Facilities / OpenStreetMap contributors (modified 2026-05-06),30.0818238,31.3346263,,0,0
nodes:11524773205,صيدلية شرق دجلة,East Degla Pharmacy,pharmacy,Cairo,القاهرة,,,,,HDX HOTOSM Egypt Health Facilities / OpenStreetMap contributors (modified 2026-05-06),29.962421,31.2768288,,0,0
nodes:4657643092,ايهاب سمير,Ehab sameer,pharmacy,Cairo,القاهرة,,,,,HDX HOTOSM Egypt Health Facilities / OpenStreetMap contributors (modified 2026-05-06),30.0205818,31.2249576,,0,0
nodes:5817986016,صيدلية العدوي,El Adawy Pharmacy,pharmacy,Cairo,القاهرة,,,,,HDX HOTOSM Egypt Health Facilities / OpenStreetMap contributors (modified 2026-05-06),30.0139043,31.4177035,,0,0
nodes:9431633202,صيدلية الاسعاف برمسيس,El Esaaf Pharmacy-Ramsis,pharmacy,Cairo,القاهرة,,,,,HDX HOTOSM Egypt Health Facilities / OpenStreetMap contributors (modified 2026-05-06),30.0505352,31.2432447,,0,0
nodes:11363423869,صيدلية العزبي,El Ezaby Pharmacy,pharmacy,Cairo,القاهرة,,,,,HDX HOTOSM Egypt Health Facilities / OpenStreetMap contributors (modified 2026-05-06),30.0488462,31.3735775,,0,0
nodes:2588999760,صيدلية العزبى,El Ezaby Pharmacy,pharmacy,Cairo,القاهرة,,,,,HDX HOTOSM Egypt Health Facilities / OpenStreetMap contributors (modified 2026-05-06),30.016711,31.4118789,,0,0
nodes:12895490201,صيدلية العزبي,El Ezaby pharmacy,pharmacy,Cairo,القاهرة,,,,,HDX HOTOSM Egypt Health Facilities / OpenStreetMap contributors (modified 2026-05-06),30.0730177,31.3434875,,0,0
nodes:4563646292,النجار,El Nagar,pharmacy,Cairo,القاهرة,,,,,HDX HOTOSM Egypt Health Facilities / OpenStreetMap contributors (modified 2026-05-06),30.0461681,31.3568093,,0,0
nodes:5862591300,صيدلية الشابوري,El Shaboury Pharmacy,pharmacy,Cairo,القاهرة,مدينة نصر,,,,HDX HOTOSM Egypt Health Facilities / OpenStreetMap contributors (modified 2026-05-06),30.0656021,31.323871,,0,0
nodes:13116046708,صيدلية العزبي,Elezaby,pharmacy,Cairo,القاهرة,,,,,HDX HOTOSM Egypt Health Facilities / OpenStreetMap contributors (modified 2026-05-06),29.8487514,31.33659,,0,0
nodes:11209701613,العزبي,Elezaby,pharmacy,Cairo,القاهرة,,,,,HDX HOTOSM Egypt Health Facilities / OpenStreetMap contributors (modified 2026-05-06),29.9588045,31.2591721,,0,0
nodes:683819037,عماد,Emad,pharmacy,Cairo,القاهرة,,,,,HDX HOTOSM Egypt Health Facilities / OpenStreetMap contributors (modified 2026-05-06),30.0911859,31.3183767,,0,0
nodes:473886220,صيدلية العزبي -كلية البنات,Ezaby,pharmacy,Cairo,القاهرة,,,,,HDX HOTOSM Egypt Health Facilities / OpenStreetMap contributors (modified 2026-05-06),30.0823241,31.3289934,,0,0
nodes:683818850,عز الدين,Ezz Al-Din,pharmacy,Cairo,القاهرة,,,,,HDX HOTOSM Egypt Health Facilities / OpenStreetMap contributors (modified 2026-05-06),30.0912103,31.3169068,,0,0
nodes:5862591299,صيدلية فاتن,Faten Pharmacy,pharmacy,Cairo,القاهرة,مدينة نصر,,,,HDX HOTOSM Egypt Health Facilities / OpenStreetMap contributors (modified 2026-05-06),30.0654649,31.3227652,,0,0
nodes:13426869431,صيدلية فايق,Fayek Pharmacy,pharmacy,Cairo,القاهرة,,,,,HDX HOTOSM Egypt Health Facilities / OpenStreetMap contributors (modified 2026-05-06),30.0251973,31.2260982,,0,0
nodes:13426869432,صيدلية فايق,Fayek Pharmacy,pharmacy,Cairo,القاهرة,,,,,HDX HOTOSM Egypt Health Facilities / OpenStreetMap contributors (modified 2026-05-06),30.0229176,31.2260495,,0,0
nodes:3323245676,Gomhouria Pharmacy,Gomhouria Pharmacy,pharmacy,Cairo,القاهرة,,,,,HDX HOTOSM Egypt Health Facilities / OpenStreetMap contributors (modified 2026-05-06),30.060219,31.2213085,,0,0
nodes:13480919004,صيدلية حنان,Hanan Pharmacy,pharmacy,Cairo,القاهرة,,,,,HDX HOTOSM Egypt Health Facilities / OpenStreetMap contributors (modified 2026-05-06),30.0546776,31.4611143,,0,0
nodes:13115491700,صيدلية حازم القماح,Hazem El Qamah Pharmacy,pharmacy,Cairo,القاهرة,,,,,HDX HOTOSM Egypt Health Facilities / OpenStreetMap contributors (modified 2026-05-06),30.1396403,31.3428424,,0,0
nodes:2208039807,Hindam,Hindam,pharmacy,Cairo,القاهرة,,,,,HDX HOTOSM Egypt Health Facilities / OpenStreetMap contributors (modified 2026-05-06),29.9598857,31.259754,,0,0
nodes:2207933130,صيدلية د. حسني,Hosny Pharmacy,pharmacy,Cairo,القاهرة,,,,,HDX HOTOSM Egypt Health Facilities / OpenStreetMap contributors (modified 2026-05-06),29.9565174,31.2614704,,0,0
nodes:2207984637,Maadi Recent Pharmacy,Maadi Recent Pharmacy,pharmacy,Cairo,القاهرة,,,,,HDX HOTOSM Egypt Health Facilities / OpenStreetMap contributors (modified 2026-05-06),29.958891,31.2605942,,0,0
nodes:12050858944,Magnolia Pharmacy,Magnolia Pharmacy,pharmacy,Cairo,القاهرة,,,,,HDX HOTOSM Egypt Health Facilities / OpenStreetMap contributors (modified 2026-05-06),29.9582391,31.2577137,,0,0
nodes:11524728708,صيدلية محمود الخولي,Mahmoud el Khouly Pharmacy,pharmacy,Cairo,القاهرة,,,,,HDX HOTOSM Egypt Health Facilities / OpenStreetMap contributors (modified 2026-05-06),29.9613627,31.2770225,,0,0
nodes:442290095,صيدلية دكتور مكرم,Makram pharmacy,pharmacy,Cairo,القاهرة,,,,,HDX HOTOSM Egypt Health Facilities / OpenStreetMap contributors (modified 2026-05-06),30.0641444,31.3444984,,0,0
nodes:2189647216,May Salamouny Pharmacy,May Salamouny Pharmacy,pharmacy,Cairo,القاهرة,,,,,HDX HOTOSM Egypt Health Facilities / OpenStreetMap contributors (modified 2026-05-06),29.9536873,31.2633532,,0,0
nodes:411896685,مكة,Mekka,pharmacy,Cairo,القاهرة,,,,,HDX HOTOSM Egypt Health Facilities / OpenStreetMap contributors (modified 2026-05-06),30.0919284,31.316451,,0,0
nodes:6586947748,صيدليات مصر,Misr Pharmacies,pharmacy,Cairo,القاهرة,,,,,HDX HOTOSM Egypt Health Facilities / OpenStreetMap contributors (modified 2026-05-06),30.0792373,31.6435911,,0,0
nodes:12279357505,Mohamed Salama Pharmacy,Mohamed Salama Pharmacy,pharmacy,Cairo,القاهرة,,,,,HDX HOTOSM Egypt Health Facilities / OpenStreetMap contributors (modified 2026-05-06),30.0602141,31.2231422,,0,0
nodes:4746390924,Mti,Mti,pharmacy,Cairo,القاهرة,,,,,HDX HOTOSM Egypt Health Facilities / OpenStreetMap contributors (modified 2026-05-06),29.995446,31.3184268,,0,0
nodes:12273123734,Nagui,Nagui,pharmacy,Cairo,القاهرة,,,,,HDX HOTOSM Egypt Health Facilities / OpenStreetMap contributors (modified 2026-05-06),30.0628325,31.2231035,,0,0
nodes:12278567032,New Universal Pharmacy,New Universal Pharmacy,pharmacy,Cairo,القاهرة,,,,,HDX HOTOSM Egypt Health Facilities / OpenStreetMap contributors (modified 2026-05-06),30.0614677,31.2228682,,0,0
nodes:502349770,نورمندي,Normandy,pharmacy,Cairo,القاهرة,,,,,HDX HOTOSM Egypt Health Facilities / OpenStreetMap contributors (modified 2026-05-06),30.0884282,31.3084051,,0,0
nodes:678457939,نورمندي,Normandy,pharmacy,Cairo,القاهرة,,,,,HDX HOTOSM Egypt Health Facilities / OpenStreetMap contributors (modified 2026-05-06),30.0918301,31.3227405,,0,0
nodes:4707182091,ص.رنا,Rana Pharmacy,pharmacy,Cairo,القاهرة,,,,,HDX HOTOSM Egypt Health Facilities / OpenStreetMap contributors (modified 2026-05-06),30.0911035,31.2725573,,0,0
nodes:5096279321,صيدلية ريهام,Reham pharmacy,pharmacy,Cairo,القاهرة,,,,,HDX HOTOSM Egypt Health Facilities / OpenStreetMap contributors (modified 2026-05-06),30.0873161,31.3434672,,0,0
nodes:1073020773,سعد,Saad,pharmacy,Cairo,القاهرة,,,,,HDX HOTOSM Egypt Health Facilities / OpenStreetMap contributors (modified 2026-05-06),30.0940812,31.3274042,,0,0
nodes:1858186084,سحر,Sahar,pharmacy,Cairo,القاهرة,,,,,HDX HOTOSM Egypt Health Facilities / OpenStreetMap contributors (modified 2026-05-06),30.0894106,31.3137353,,0,0
nodes:2228492280,Sakla,Sakla,pharmacy,Cairo,القاهرة,,,,,HDX HOTOSM Egypt Health Facilities / OpenStreetMap contributors (modified 2026-05-06),29.9693476,31.278671,,0,0
nodes:670117058,سالم,Salem,pharmacy,Cairo,القاهرة,,,,,HDX HOTOSM Egypt Health Facilities / OpenStreetMap contributors (modified 2026-05-06),30.0165056,31.2253098,,0,0
nodes:442337967,صيدلية ساندي,Sandy pharmacy,pharmacy,Cairo,القاهرة,,,,,HDX HOTOSM Egypt Health Facilities / OpenStreetMap contributors (modified 2026-05-06),30.0662573,31.3429931,,0,0
nodes:454605099,سيف,Seif,pharmacy,Cairo,القاهرة,,,,,HDX HOTOSM Egypt Health Facilities / OpenStreetMap contributors (modified 2026-05-06),30.084069,31.3279178,,0,0
nodes:3371343059,سيف,Seif,pharmacy,Cairo,القاهرة,,,,,HDX HOTOSM Egypt Health Facilities / OpenStreetMap contributors (modified 2026-05-06),30.0249539,31.4841004,,0,0
nodes:6809938482,Serenade,Serenade,pharmacy,Cairo,القاهرة,,,,,HDX HOTOSM Egypt Health Facilities / OpenStreetMap contributors (modified 2026-05-06),29.972362,31.2741758,,0,0
nodes:4557789091,صيدلية شاتيلا,Shatila Pharmacy,pharmacy,Cairo,القاهرة,,,,,HDX HOTOSM Egypt Health Facilities / OpenStreetMap contributors (modified 2026-05-06),30.0947353,31.3346569,,0,0
nodes:2195644533,صيدلية ثكنات المعادي,Thakanat el Maadi Pharmacy,pharmacy,Cairo,القاهرة,,,,,HDX HOTOSM Egypt Health Facilities / OpenStreetMap contributors (modified 2026-05-06),29.9521442,31.2645441,,0,0
nodes:5314819355,صيدلية ولاء زيادة,Walaa Zyada Pharmacy,pharmacy,Cairo,القاهرة,,,,,HDX HOTOSM Egypt Health Facilities / OpenStreetMap contributors (modified 2026-05-06),30.1013082,31.3318711,,0,0
nodes:11693072807,elezaby,elezaby,pharmacy,Cairo,القاهرة,,,,,HDX HOTOSM Egypt Health Facilities / OpenStreetMap contributors (modified 2026-05-06),30.0474881,31.262627,,0,0
nodes:5860415668,elezaby,elezaby,pharmacy,Cairo,القاهرة,القاهرة,,,,HDX HOTOSM Egypt Health Facilities / OpenStreetMap contributors (modified 2026-05-06),30.0627036,31.2465299,,0,0
nodes:13185684760,العزبي,العزبي,pharmacy,Cairo,القاهرة,,,,,HDX HOTOSM Egypt Health Facilities / OpenStreetMap contributors (modified 2026-05-06),29.9602302,31.2785444,,0,0
nodes:13328482572,العزبي,العزبي,pharmacy,Cairo,القاهرة,,,,,HDX HOTOSM Egypt Health Facilities / OpenStreetMap contributors (modified 2026-05-06),29.9853073,31.2300595,,0,0
nodes:5070576321,دلمار وعطاالله,دلمار وعطاالله,pharmacy,Cairo,القاهرة,,,,,HDX HOTOSM Egypt Health Facilities / OpenStreetMap contributors (modified 2026-05-06),29.9718717,31.2471353,,0,0
nodes:5314820043,صيدليات الوكيل,صيدليات الوكيل,pharmacy,Cairo,القاهرة,,,,,HDX HOTOSM Egypt Health Facilities / OpenStreetMap contributors (modified 2026-05-06),30.1095801,31.3441067,,0,0
nodes:13334195570,صيدليات سيف,صيدليات سيف,pharmacy,Cairo,القاهرة,,,,,HDX HOTOSM Egypt Health Facilities / OpenStreetMap contributors (modified 2026-05-06),29.966174,31.2461536,,0,0
nodes:4145040601,صيدلية,صيدلية,pharmacy,Cairo,القاهرة,,,,,HDX HOTOSM Egypt Health Facilities / OpenStreetMap contributors (modified 2026-05-06),30.1026073,31.2609597,,0,0
nodes:13114620339,صيدلية أبو العز,صيدلية أبو العز,pharmacy,Cairo,القاهرة,,,,,HDX HOTOSM Egypt Health Facilities / OpenStreetMap contributors (modified 2026-05-06),30.0296859,31.2326448,,0,0
nodes:12730239173,صيدلية أبو الفتح,صيدلية أبو الفتح,pharmacy,Cairo,القاهرة,,,,,HDX HOTOSM Egypt Health Facilities / OpenStreetMap contributors (modified 2026-05-06),30.0124786,31.2248109,,0,0
nodes:13152565424,صيدلية أحمد أبو الفتوح,صيدلية أحمد أبو الفتوح,pharmacy,Cairo,القاهرة,,,,,HDX HOTOSM Egypt Health Facilities / OpenStreetMap contributors (modified 2026-05-06),29.8496,31.3364163,,0,0
nodes:12730239170,صيدلية الإخلاص,صيدلية الإخلاص,pharmacy,Cairo,القاهرة,,,,,HDX HOTOSM Egypt Health Facilities / OpenStreetMap contributors (modified 2026-05-06),30.013486,31.2252059,,0,0
nodes:12732190658,صيدلية الحكمة,صيدلية الحكمة,pharmacy,Cairo,القاهرة,,,,,HDX HOTOSM Egypt Health Facilities / OpenStreetMap contributors (modified 2026-05-06),30.0173061,31.2250792,,0,0
nodes:13186097161,صيدلية الخلود,صيدلية الخلود,pharmacy,Cairo,القاهرة,,,,,HDX HOTOSM Egypt Health Facilities / OpenStreetMap contributors (modified 2026-05-06),29.9622428,31.2785721,,0,0
nodes:12734648688,صيدلية الخليج,صيدلية الخليج,pharmacy,Cairo,القاهرة,,,,,HDX HOTOSM Egypt Health Facilities / OpenStreetMap contributors (modified 2026-05-06),30.038827,31.2496848,,0,0
nodes:5239489425,صيدلية السداوي,صيدلية السداوي,pharmacy,Cairo,القاهرة,,,,,HDX HOTOSM Egypt Health Facilities / OpenStreetMap contributors (modified 2026-05-06),30.0208437,31.4320083,,0,0
nodes:5314819354,صيدلية الشيخ,صيدلية الشيخ,pharmacy,Cairo,القاهرة,,,,,HDX HOTOSM Egypt Health Facilities / OpenStreetMap contributors (modified 2026-05-06),30.1087294,31.3373449,,0,0
nodes:13186139479,صيدلية الفتوح,صيدلية الفتوح,pharmacy,Cairo,القاهرة,,,,,HDX HOTOSM Egypt Health Facilities / OpenStreetMap contributors (modified 2026-05-06),29.9582604,31.2725205,,0,0
nodes:12732190657,صيدلية المماليك,صيدلية المماليك,pharmacy,Cairo,القاهرة,,,,,HDX HOTOSM Egypt Health Facilities / OpenStreetMap contributors (modified 2026-05-06),30.0146918,31.2246188,,0,0
nodes:11215391505,صيدلية اليماني الجديدة,صيدلية اليماني الجديدة,pharmacy,Cairo,القاهرة,,,,,HDX HOTOSM Egypt Health Facilities / OpenStreetMap contributors (modified 2026-05-06),29.9568413,31.2609077,,0,0
nodes:5314819218,صيدلية جون عدلى,صيدلية جون عدلى,pharmacy,Cairo,القاهرة,,,,,HDX HOTOSM Egypt Health Facilities / OpenStreetMap contributors (modified 2026-05-06),30.1100557,31.3424226,,0,0
nodes:5314819482,صيدلية حراء,صيدلية حراء,pharmacy,Cairo,القاهرة,,,,,HDX HOTOSM Egypt Health Facilities / OpenStreetMap contributors (modified 2026-05-06),30.1042819,31.3290705,,0,0
nodes:12734648689,صيدلية حسنين,صيدلية حسنين,pharmacy,Cairo,القاهرة,,,,,HDX HOTOSM Egypt Health Facilities / OpenStreetMap contributors (modified 2026-05-06),30.039432,31.2473226,,0,0
nodes:13334195572,صيدلية حياتي,صيدلية حياتي,pharmacy,Cairo,القاهرة,,,,,HDX HOTOSM Egypt Health Facilities / OpenStreetMap contributors (modified 2026-05-06),29.9667562,31.2478599,,0,0
nodes:13152555333,صيدلية د حنان محمود طه,صيدلية د حنان محمود طه,pharmacy,Cairo,القاهرة,,,,,HDX HOTOSM Egypt Health Facilities / OpenStreetMap contributors (modified 2026-05-06),29.8518572,31.336302,,0,0
nodes:12730196527,صيدلية د. آمال بدران,صيدلية د. آمال بدران,pharmacy,Cairo,القاهرة,,,,,HDX HOTOSM Egypt Health Facilities / OpenStreetMap contributors (modified 2026-05-06),30.0134803,31.2245492,,0,0
nodes:12732190655,صيدلية د. دينا صلاح,صيدلية د. دينا صلاح,pharmacy,Cairo,القاهرة,,,,,HDX HOTOSM Egypt Health Facilities / OpenStreetMap contributors (modified 2026-05-06),30.0109247,31.2250531,,0,0
nodes:12734648691,صيدلية د. طارق العلكي (عوني سابقا),صيدلية د. طارق العلكي (عوني سابقا),pharmacy,Cairo,القاهرة,,,,,HDX HOTOSM Egypt Health Facilities / OpenStreetMap contributors (modified 2026-05-06),30.0395234,31.2503667,,0,0
nodes:12732190656,صيدلية د. لطفي علي,صيدلية د. لطفي علي,pharmacy,Cairo,القاهرة,,,,,HDX HOTOSM Egypt Health Facilities / OpenStreetMap contributors (modified 2026-05-06),30.0116452,31.2255847,,0,0
nodes:12734648692,صيدلية د. نورهان,صيدلية د. نورهان,pharmacy,Cairo,القاهرة,,,,,HDX HOTOSM Egypt Health Facilities / OpenStreetMap contributors (modified 2026-05-06),30.0402617,31.2516418,,0,0
nodes:5314819480,صيدلية ذكرى,صيدلية ذكرى,pharmacy,Cairo,القاهرة,,,,,HDX HOTOSM Egypt Health Facilities / OpenStreetMap contributors (modified 2026-05-06),30.1108104,31.3439911,,0,0
nodes:5419428221,صيدلية رشدى,صيدلية رشدى,pharmacy,Cairo,القاهرة,القاهرة,,,,HDX HOTOSM Egypt Health Facilities / OpenStreetMap contributors (modified 2026-05-06),30.0596702,31.2447349,,0,0
nodes:5129741221,صيدلية رشدى,صيدلية رشدى,pharmacy,Cairo,القاهرة,,,,,HDX HOTOSM Egypt Health Facilities / OpenStreetMap contributors (modified 2026-05-06),30.0600609,31.3604519,,0,0
nodes:13480919017,صيدلية زكري,صيدلية زكري,pharmacy,Cairo,القاهرة,,,,,HDX HOTOSM Egypt Health Facilities / OpenStreetMap contributors (modified 2026-05-06),30.0583353,31.461194,,0,0
nodes:13133123441,صيدلية سوسن الحديثة,صيدلية سوسن الحديثة,pharmacy,Cairo,القاهرة,,,,,HDX HOTOSM Egypt Health Facilities / OpenStreetMap contributors (modified 2026-05-06),30.0543023,31.3811631,,0,0
nodes:4358136790,صيدلية شاهبور,صيدلية شاهبور,pharmacy,Cairo,القاهرة,,,,,HDX HOTOSM Egypt Health Facilities / OpenStreetMap contributors (modified 2026-05-06),29.9912244,31.3180659,,0,0
nodes:12058877792,صيدلية صحة,صيدلية صحة,pharmacy,Cairo,القاهرة,,,,,HDX HOTOSM Egypt Health Facilities / OpenStreetMap contributors (modified 2026-05-06),30.0877476,31.6472545,,0,0
nodes:12734648694,صيدلية صفوت,صيدلية صفوت,pharmacy,Cairo,القاهرة,,,,,HDX HOTOSM Egypt Health Facilities / OpenStreetMap contributors (modified 2026-05-06),30.0406523,31.2513199,,0,0
nodes:8603645171,صيدلية صياح,صيدلية صياح,pharmacy,Cairo,القاهرة,Cairo,,,,HDX HOTOSM Egypt Health Facilities / OpenStreetMap contributors (modified 2026-05-06),30.0468542,31.3471632,,0,0
nodes:13135863840,صيدلية عبد الرحمن صالح,صيدلية عبد الرحمن صالح,pharmacy,Cairo,القاهرة,,,,,HDX HOTOSM Egypt Health Facilities / OpenStreetMap contributors (modified 2026-05-06),29.8505945,31.336518,,0,0
nodes:13480919038,صيدلية عبده,صيدلية عبده,pharmacy,Cairo,القاهرة,,,,,HDX HOTOSM Egypt Health Facilities / OpenStreetMap contributors (modified 2026-05-06),30.060233,31.4612049,,0,0
nodes:5314815224,صيدلية على ايمدج,صيدلية على ايمدج,pharmacy,Cairo,القاهرة,,,,,HDX HOTOSM Egypt Health Facilities / OpenStreetMap contributors (modified 2026-05-06),30.0976839,31.3389582,,0,0
nodes:5134665944,صيدلية كارمن,صيدلية كارمن,pharmacy,Cairo,القاهرة,,,,,HDX HOTOSM Egypt Health Facilities / OpenStreetMap contributors (modified 2026-05-06),30.0561239,31.3614957,,0,0
nodes:10929436239,صيدلية ليلة,صيدلية ليلة,pharmacy,Cairo,القاهرة,,,,,HDX HOTOSM Egypt Health Facilities / OpenStreetMap contributors (modified 2026-05-06),30.0117883,31.3289509,,0,0
nodes:4145039689,صيدلية محمود,صيدلية محمود,pharmacy,Cairo,القاهرة,,,,,HDX HOTOSM Egypt Health Facilities / OpenStreetMap contributors (modified 2026-05-06),30.1015216,31.2618491,,0,0
nodes:5314815225,صيدليه المحكمة,صيدليه المحكمة,pharmacy,Cairo,القاهرة,,,,,HDX HOTOSM Egypt Health Facilities / OpenStreetMap contributors (modified 2026-05-06),30.104345,31.3305195,,0,0
nodes:4475957330,فضل,فضل,pharmacy,Cairo,القاهرة,,,,,HDX HOTOSM Egypt Health Facilities / OpenStreetMap contributors (modified 2026-05-06),30.0447829,31.247019,,0,0
nodes:5134666149,مصطفى محمود,مصطفى محمود,pharmacy,Cairo,القاهرة,,,,,HDX HOTOSM Egypt Health Facilities / OpenStreetMap contributors (modified 2026-05-06),30.05284,31.3310799,,0,0
